Index,publishDate,url,title,proposal,benefits&impact,#Votes,MinVotesNecessary,SubmissionDate,Followers,Messages,GA,proposer
12317,2021-08-21 03:30:02,https://join.gov.tw/idea/detail/ebf6f1e8-665e-4592-8f8f-209a0e41525a,加重動物保護法中虐待動物的刑則,"現今動物保護法，對虐待動物的犯人最重只處2年以下有期徒刑，對這些犯人跟本不痛不癢，而且過往案例也幾乎沒有一個虐待動物的人有判過該徒刑，大多是以罰錢了事，甚至最後不了了知，也讓虐待動物的事件一再發生。 
以下舉幾個國外對虐待動物的犯人的刑法 
1、美國：視為聯邦重罪，最高處7年（也有說是14年）監禁 
2、日本：最高處5年以下徒刑或罰款約500萬日元 
3、加拿大：判處5年監禁 
4、英國：最高5年徒刑，罰金無上限 
5、德國：3年徒刑或罰款25000歐元 
還有許多國家對虐待動物的刑責都比台灣動保法還要嚴厲，希望台灣動保等相關人員能好好檢討，參考國外對虐待動物的刑罰來實施修法，將虐待動物的刑責加重。","讓虐待動物的人受到應有的懲罰 
提升對動物生命權的保護 
藉由加重刑責或罰金，遏止虐待動物的事件發生",44881,5000,2021-08-21 03:30:42,3253,0,無,Lun
6020,2018-07-06 16:39:20,https://join.gov.tw/idea/detail/b2506b9c-ddb8-4641-8219-010a6ec8ac27,名正言稅    請支持記帳士正名為稅務士！,"｜   台灣面向國際，從正名開始 
  
舉觀各國，美國、德國、韓國、日本等先進國家皆已於1980年代更名為「稅務士」或「稅理士」，中國大陸更直接稱為「註冊稅務師」。記帳士遲遲未獲得正名，已無形中窄化台灣的國際空間發展。在如此艱困的國際環境下，中華民國記帳士公會全國聯合會仍主動積極爭取稅務界的國際交流，最終成為亞洲及大洋洲稅務師協會〈Asia Oceania Tax Consultants Association, 簡稱AOTCA〉正式會員。然倘若要在國際上更進一步獲得尊重，則應效仿美、德、日、韓、中、新加坡、印尼等國，賦予稅務人員專業的職稱。 
  
｜   國家稅務改革，從正名開始 
  
台灣經濟結構9成都是中小企業與普通商家，這些全仰賴記帳士提供稅務服務。40年來，記帳士深耕基層，為全台80萬家中小企業與商家，提供登記、記帳、會計以及稅務協助等全方位服務，維繫國家稅收的正常運作，也伴隨台灣走過經濟的起飛與轉型。全國有近9,000名稅務從業人員，每日兢兢業業。可說是台灣的每一個中小企業與商家的背後，都有記帳士的身影；從統一發票、網路報稅、洗錢防治、電子支付到納稅者權利保護法等國家歷史性的稅務改革政策，背後無一沒有記帳士的腳印。 
  
｜   落實轉型正義，從正名開始 
  
台灣稅務專業制度的建立自民國42年始萌芽，期間歷經「報稅代理人」、「稅理師」、「稅務代理師」、「稅務士」等多種名稱討論，爭論不修，最終在各方壓力下暫定為「記帳士」。然2009年經大法官釋字第655號解釋，記帳士執業內容顯然已超過「記帳」二字的涵蓋範圍，且記帳士專業資格乃經國家考試院賦予專業認證，「記帳士」的職業名稱顯然已與其執業範圍明顯不符。職業名稱長期誤導社會認知，是對人民與國家的一種傷害。如護士正名為護理師一般，唯有正名，才符合轉型正義，也是對從業人員的基本尊重。身為記帳士主管機關的財政部，卻遲未針對大法官之解釋提出相應的解決方案。 
  
我們提案： 
  
1. 要求財政部研議「記帳士法」修法案，將「記帳士」正名為「稅務士」，    將「記帳士法」正名為「稅務士法」，並提交行政院院會。 
2. 要求行政院院會慎重審理記帳士法修法提案，並將該法案列入行政院優先法案。","｜   台灣稅務制度接軌國際，引領台灣中小企業走出台灣 
記帳士是協助中小企業處理稅務的主力角色。惟台灣不僅在制定記帳士職業法規的時間上落後各國，職業稱謂也最狹隘，造成記帳士參與各類國際稅務會議時充滿阻礙，間接導致國內中小企業在國際稅務知識、跨國貿易衍生的稅務問題上反應過慢，阻礙中小企業走向國際。 
  
｜   記帳士長期默默耕耘，為在地產業的支持力量、新創事業最佳夥伴 
企業委託記帳士處理稅務問題，需要仰賴其專業度以及業務可及性。然台灣會計師事務所多集中於六都，甚至全台有10個縣市的會計師事務所僅個位數，嘉義縣更是1家也沒有。城鄉差距之大，倘若不仰賴記帳士，根本無法滿足台灣中小企業與商店家的需求。 
目前全台依記帳士法從事稅務工作的總人數近9,000人，相關從業人員超過5 萬人，遍佈全台300 餘個鄉鎮市區，協助佔台灣整體產業結構9成以上的140 萬家中小企業，於第一線進行帳務及稅務的相關服務。在政府全力推動新創企業、微型企業，甚至社會企業的同時，記帳士更能依據靈活的專業服務型態，快速為新創事業帳務及稅務相關服務，並做整體規劃。正名為稅務士，將更能引導創業者正確選擇適合的稅務代理人作為創業夥伴。 
  
｜   提升青年選擇從事稅務專業，健全國家稅收稽徵的運作 
會計師、記帳士事務所往年招募的主要新血為會計科系領域畢業生。然近十年來，畢業生人數從每年1 萬餘名降為每年僅5,000名，致使事務所招募新人困難，尤其東部與南部縣市更出現嚴重缺口。依公會內調查，往年招募一名新人所需的平均時間約為2 至5 日，現在時間已經拉長到15 至30 日，偏鄉地區更屢屢出現招不到新人的窘境。此已嚴重影響企業應對國稅稽查單位的反應時間，無形間形成龐大的行政成本。正名為稅務士後將有利於建立正確的職業觀念，吸引學生報考相關系所並取得資格考試投入職場，健全國家稅收稽徵的運作。",39044,5000,2018-07-12 17:00:18,673,0,無,中華民國記帳士公會全國聯合會
11661,2021-06-01 16:57:52,https://join.gov.tw/idea/detail/a680f567-2f53-4d60-ba72-e55ae2da95c5,實施醫療暴力者應於健保系統註記，情節嚴重者應有對應之健保權利剝奪,"曾經有過醫療暴力行為之就醫者，應於健保系統註記，無論其暴力行為之緣由為何。若病人是因已診斷精神疾病或其他經專家確認無法自控之因素所產生之醫療暴力行為，也應一併註記。雖說部分病人的暴力行為並非其本人意志可以控制，但是無法否認其對醫療人員仍是潛在威脅，健保註記有助於醫療人員快速辨識，對於這類的病人在交流時應更加注意自己的言詞，避免過度刺激病人而誘發其不穩定的精神狀態。另外，經常實施醫療暴力者為病患的家屬，也應考慮列入註記的選項。 
若醫療暴力行為並非不可自控之行為，其情節嚴重或是反覆行為者，除了註記外應有相對應之懲罰，如增加保費、剝奪部分或全部健保權利，或賦予醫療單位有拒絕治療的權力等（這部分歡迎大家開放討論）。","(1) 保障醫護及其他病患安全 
就診者的暴力行為通常是突發性的，不一定有前兆，且影響範圍常常波及其他病患（無論是直接傷害、心理壓力，或是排擠到他們的醫療資源），若能夠有警告系統讓醫療人員意識到潛在風險，對於整個醫療場域的安全性將有正面影響。 
(2) 長期期望改善醫療環境 
現今醫療環境面臨許多問題，導致許多人即使相關科系畢業也不敢進入職場就業，因此醫療人力始終不足（例如像護理職類此問題相當嚴重），這些問題大多非一兩日能解決。然而，部分就醫者的不理性行為常常造成醫療資源的浪費（無論解釋、處理所消耗的時間、精力也都是占用其他病人的醫療資源）。然而，言語、互動間造成的不愉快成因可能很多，其判定也相對主觀，但醫療暴力無論如何是無法被容許的行為，應有更強力的手段避免其發生和/或醫療人員受到傷害。從任何面向試著改善這個醫療環境，都是一個好的開始。 
(3) 相關罰則期望能有嚇阻作用 
對於非無法自控的醫療暴力行為者，我們很少聽到有相關的懲罰，尤其報章雜誌、媒體都只會報導醫療行為之發生，卻鮮少追蹤其後續，容易導致行為者心理上「反正不會怎麼樣」的心態。透過明確訂定的罰則，讓潛在行為者更明確知道其暴力行為將要付出相對應責任，除了暴力本身應有的懲罰，在醫療場所的暴力行為造成的影響絕對比路邊械鬥來得嚴重許多。 
  
【可能衍伸問題/待討論議題】 
(a) 醫療人員之歧視與隱私問題 
不可避免的，只要有註記，必然可能有相對應的特殊眼光。與潛在暴力風險相比，到底是否符合最大利益應為大眾所討論。 
(b) 暴力行為之認定與撤銷註記 
註記系統必然伴隨繁複的行政流程，我們也應避免醫療人員因私自的情緒等因素而錯誤註記。該如何判定（如其具體定義、經過多少人認定、多少層核准等），及在何種狀況應考慮取消註記也是需要被討論的。 
(c) 病患的醫療需求 
病患本人或其家屬的暴力行為註記可能影響到該病患的醫療需求。情節輕微者可能醫師為了避免麻煩而選擇比較保守、無爭議，但不一定最適合病患的醫療行為，嚴重者則可能遭到醫療單位婉拒收治。民眾是否能夠接受醫療單位為了上述理由而拒收少數病人，或是能夠有其他配套措施讓該病患得到治療，都應該經過充足的討論。 
(d) 「不可自控」之判定困難 
對於精神科病人，其暴力行為往往是精神症狀的一部份，因此相對容易判定；然而有些情況並非如此。舉例來說，有些病人會發生「譫妄（delirium）」，為急性的精神紊亂，可能是疾病所致，或是住院環境改變太大也有影響，而部分譫妄病人也會有攻擊行為。然而，我們該如何判定該病人為譫妄，還是純粹心情不爽的暴力行為？這部分應有精神科或其他專業人士參與討論，以防「不可自控」被有心人士所濫用。",31856,5000,2021-06-01 17:38:48,1041,0,無,ROK-DDO
2674,2017-10-23 12:06:18,https://join.gov.tw/idea/detail/f2c4075f-04e7-4d1d-8712-3cd78aba3df7,對酒駕累犯、性侵犯及對幼童傷害等增設刑法懲罰方式 增加 鞭刑制度," 
 對性侵犯除現行刑責外，追加鞭刑之懲罰。 
 對傷害幼童之傷害以上罪犯除現行刑責外，追加鞭刑之懲罰。 
  酒駕犯罪者之刑責加入鞭刑 第一次犯罪者，未造成人員傷亡，仍以現行之刑責，對酒駕者加以懲罰。 第二次犯罪者，未造成人員傷亡，除以現行之刑責加重外，加鞭刑1鞭。 第三次犯罪者，未造成人員傷亡，除以現行之刑責加重外，加鞭刑2鞭。 第四次犯罪者，未造成人員傷亡，除以現行之刑責加重外，加鞭刑3鞭。 第五次犯罪者，未造成人員傷亡，除以現行之刑責加重外，加鞭刑3鞭。 ……………… 但第一次酒駕犯罪者，如造成人員受傷或死亡，就必須加鞭刑1鞭，開始起算。 每次判鞭刑以3鞭為最上限。  
"," 
 性侵犯對於被害者有極大的身心傷害，且再犯率極高，若增加鞭刑懲罰，不但可嚇阻其再犯之可能，對於未犯之可能犯及預備犯也有嚇阻作用。 
 我國目前已進入少子化社會，除經濟層面上之影響外，在治安及兒童保護相關舉措上也有很大的影響，對於國家珍貴的未來棟樑施加各種暴力傷害，無疑以侵犯國家的利益，也造成社會不安，若增加鞭刑懲罰，不但可嚇阻其再犯之可能，對於未犯之可能犯及預備犯也有嚇阻作用。 
  .無懲罰過重或毫無人道的理由： (1)欲酒駕者如擔心自己被鞭刑(預防)，個人或旁人就會想辦法不酒駕。 (2)酒駕犯罪者，已藐視法律存在，毫不在乎，所以才會有酒駕行為，基本上已丟棄自己應被別人尊重之人權。(因為喝酒前意識清楚，就可先做適當安排，只是不做) (3)酒駕犯罪者已先不尊重別人，且間接預謀殺人，乃至可能造成無辜的人喪失生命。  
  酒駕刑責加入鞭刑後之利益與影響： (1)加重嚇阻作用，使欲酒駕者心有顧忌而不敢行為，有效降低甚至消除酒駕事件發生。 (2)減少無辜的人受害。 (3)酒駕犯減少，可減輕警察機關執行勤務負擔，亦可減輕獄政管理負擔，減少社會成本支出。 (4)對酒駕犯罪者施以懲罰，令其不敢再犯；對其他社會大眾亦具有教育意義。  
",31750,5000,2017-10-23 12:06:33,2236,782,無,葆爺
3096,2017-11-02 11:40:32,https://join.gov.tw/idea/detail/9ce8ce11-690c-4b13-b498-9ea9a31dacdd,將育兒津貼從0～2歲改成0～6歲,提議政府將育兒津貼從現今的0～2歲修改成0～6歲，也將補助金額從2500元增加到5000元視家庭狀況而定，而且應有排富條款畢竟有限資源需用到需要的地方，這樣才能使小家庭減輕負擔願意生小孩，但是政府對只想利用生小孩賺補助的異常家庭應強制結紮避免浪費資源。,將育兒津貼的補助從原本0～2歲增加至0～6歲能減少家庭育兒負擔，且因應社會物價增長將原本的2500元增加到5000元也符合現狀，這樣能使年輕夫妻敢生小孩也使原有小孩的家庭能更將心思放在育兒上面，也能加速增加台灣人口及在有效將老化的人口跟職場缺慢慢補上。而設排富是因為富人不差這些政府補助金且有限資源給需要的人才能有效運用，且對異常家庭一直生小孩騙取補助金沒使用在小孩身上的政府能修法強制結紮節省社會成本，隨增加育兒津貼對政府財政是一大負擔，但對國家跟台灣是絕對有利無一害的事，所以希望這個提議能讓大家認同通過。,17140,5000,2017-11-02 11:41:17,1020,0,無,阿華
5907,2018-06-20 17:25:53,https://join.gov.tw/idea/detail/22a857d4-2174-4b62-9660-f319a510563e,有關準公共化政策0-2歲家外送托，請直接補助家長6000元!!,"針對準公共化政策居家托育人員部份，最大的爭議在於『約定契約』及政府用『支付6000元』購買托育服務，衍生托育契約與保親關係問題。 
在此建議衛福部社家署以『誘因操作』讓居家托育人員能願意投入此政策，方能讓家長受惠。 
建議如下: 
一、直接採取補助給家長 
二、簡化作業流程 
      由托育人員與家長簽定契約，經由居服中心透過審核機制比對勾稽，符合資格的家長由地方政府透過居 服中心定期發放給家長。不需要求托育人員簽署『約定契約』 
三、杜絕無登記證從業人員托育孩子 
      有關擴大育兒津貼條件，應設置相關條文及限制杜絕無登記證從業人員托育孩子，以防止黑牌保母增多。 
四、有關退場機制 
      目前只明訂違規者退場辦法，應載明""自願性""如何退場辦法 
五、應將領有結業且具有登記證的托育人員納入 
      符合居家式托育登記管理登記辦法，有三種類別1、證照保母2、學歷保母3、結業保母，此準公共政策排除結業保母，表示居家式托育管理登記制有問題，不應該放寬資格納入登記制卻又藉由補助排除結業保母。 
六、有關公告托育費用、項目應由地方政府給予彈性調整，按家長需求提供更有效的服務。","此政策為要救少子化現象、減輕家長負擔是為好的出發點，也可以看見受益人就是家長族群。但是，如果政策的不完善有損居家托育人員之權益時，恐難達成中央、地方、家長、居家托育四方共贏，當人民不信任政府、對政策反感，其產生的負面影響是難以評估衡量。 
  
此政策對托育人員最大的影響在於 
一、有關購買式服務 
 
 中央想以6000元向托育人員購買服務，必造成地方財政受困或撥款延遲，間接影響托育人員的生活家計。 
 托育人員無法在簽托育契約時，得知家長是否符合申請資格，必造成托育人員在收費上有代墊的情形發生，事後的追討將令保親關係緊張。 
 政府支付的6000元，衍生收退費比例計算問題，造成托育人員和家長及事後居服中心追討費用的困擾。 
 
二、有關舊制與新制購買服務的差別 
  1. 原家長只要給領有登記證的保母，就能領有舊制3000元，如委託的保母沒有與政府簽約定契約，家 長只能申請育兒津貼2500，較舊制領取的補助少500元。家長會有感的察覺到她的500元不見了。 
  2.當新制實施，因政府的不完善造成托育人員無法配合，選擇不願意賣服務給政府時，家長的損失將提升到3500元。一旦家長不信任政府、對政策反感時，所造成的負面情況是很難評估的。 
三、將舊制直接提升補助給家長是對家長、托育人員最好的方式。 
  
懇請行政院、衛福部全面考量準公共化政策 
以多方角度思考並完善規劃，取得最大效益",13575,5000,2018-06-20 17:29:33,540,0,無,新北市托育人員互助發展協會
5214,2018-03-21 23:49:17,https://join.gov.tw/idea/detail/0d9cba04-1365-4e66-869d-899277f74764,各縣市收容所應對動物領養人做領養動物之數量管控與後續追蹤,"提議動機與背景： 
近日，臺灣販售狗肉事件猖獗，狗肉攤販盡皆目無法紀、視動物保護法為無物，甚至今年2月發生疑似為狗肉攤販的名眾，於短短2個多禮拜內，竟分別自新竹與苗栗的收容所領養6隻、8隻年少精壯的犬隻，且疑似全部運至深山某處殘忍屠殺後販售。當防疫所志工於今年3月來電關心其領養犬之現況時，他們竟囂張回答""不用找了，都死了""!此事件中的犯嫌，無疑是將收容所視為其狗肉的免費肉品來源，想藉此進行無本違法生意以賺取暴利，然收容所卻對此民眾束手無策! 
試問同一個人，可以在短短幾天內，到三個不同的收容所，領養出11隻狗嗎?而且還是在南寮收容所領養6隻後還要領養被拒，再轉而前往兩間收容所再領養8隻!難道全國的收容所沒有即時連線與通報，以及防止短時間大量領養的機制嗎? 
試問各縣市收容所在民眾領養完動物之後，都沒有相關的追蹤機制嗎?竟然可以容許民眾領養狗出去沒幾天就死掉的事情發生! 
建議： 
1.農委會應統一規定，一個戶籍一年之內至多可從全國收容所兩養2隻動物，如需超額領養，須向收容所申請，收容所報請農委會核准後，方可為之。 
2.全國各縣市收容所應建立全國連線通報系統，以防惡意認養人到其他縣市收容所濫領養動物。 
3.在民眾完成領養動物手續後，動保員應先前往準飼主家中了解動物未來的飼養環境與飼養計畫，確認沒問題才將動物交予民眾飼養，並強制進行寵物登記；民眾領養動物後兩年內，收容所每三個月應派動保員或志工前往民眾家中了解動物之飼養狀況，必要時亦可給予民眾飼養上的專業建議。","利益： 
應該只有擋到那些目無法紀、囂張與惡劣的狗肉業者的財路吧!但他們這種行業本來就違法，是不能存在於臺灣的! 
影響： 
使各縣市收容所的認養機制更加完善，動物們離開收容所後，真的找到一個可以安養天年的家，而非活在對不肖違法人士恐懼之中，相信當各縣市收容所確立領養人通報與追蹤後，民眾對動物保護觀念可以更加清楚，防疫所在宣導上亦可更輕鬆!",12903,5000,2018-03-21 23:51:02,655,0,無,黑魯
9168,2020-08-27 10:11:57,https://join.gov.tw/idea/detail/4af46cb8-77e6-49d2-b99e-9a9b2211c520, 全國幼兒家長呼籲蔡總統2021年落實「0-6歲育兒津貼加倍補助」政策,"　　日本與台灣都是高少子女化的國家，日本首相安倍晉三提出「幼兒教育無償化」政策，已於2020年4月起全國實施，3到5歲幼童上幼稚園或托兒所，費用都由政府買單。每月補助最高2萬5,700日幣（約台幣7,200元），等於免學費，但仍需繳納餐費、雜費等。若有延托等額外需求，每月多補助1.13萬日幣，加上原補助的2萬5,700日幣，最高補助共3.7萬日幣（約台幣10,360元）。0至2歲幼兒托育，每月以補助月額4萬2,000日圓（約台幣11,760元）為上限。覆蓋率高，普及性高，近便性高，選擇性多，是以幼兒及家長為中心的政策。 
　　反觀台灣少子女化危機持續嚴峻！108年度我國新生兒出生率僅17,7767人創9年來新低，109年1月～6月出生人口數79,760人，相較108年1月～6月出生人口數85,961人，減少6,201人。蔡總統於2019年11月22日公開宣佈「0-6歲育兒津貼加倍補助」全國幼兒家長至今卻仍不知，「0-6歲育兒津貼加倍補助」何時上路？",　　全國幼兒家長至今卻仍不知「0-6歲育兒津貼加倍補助」何時上路？津貼補助是「一次加倍」到位？還是「逐年到位」？行政院目前未增加編列「0-6歲育兒津貼加倍補助」的預算，您期待行政院能再調整追加預算嗎？您希望政府在2021年就開始實施「0-6歲育兒津貼加倍補助」政策嗎？請您表達同意附議。讓行政院「0-6歲育兒津貼加倍補助」的預算修正並追加編列到位，2021年開始實施。,11306,5000,2020-08-27 10:17:02,480,0,無,秘書處
4927,2018-02-20 03:20:36,https://join.gov.tw/idea/detail/22f9d6ad-0d48-4c19-99f7-1f0f4dba8830,在[電子發票實施作業要點] 加入規範，禁止它用或可選擇的印出商品優惠,"在[電子發票實施作業要點]，為符合傳統的使用方式，方便整理、備份留查，加強了感熱紙的強度。 
暫且相信在全面普及電子發票之前，目前採用無法回收的感熱紙為必要之惡，這些感熱紙可以讓民眾或印出、或存入載具， 
但是部分不肖業者(便利超商)，利用政府巨資宣傳電子發票同時，將自己的商品優惠隨著發票印出，而民眾在這部分的印出，卻不能自行選擇! 
這讓電子發票的環保效果打了折扣，讓這些不肖業者搭上便宜的順風車。 
故要求政府在[電子發票實施作業要點] 加入部分管理辦法，禁止或可選擇的印出商品優惠。","在ATM的感熱紙也是有商品優惠，但都是選擇性的印出，為何隨發票印出的商品優惠卻不可? 
好處不用多說，唯對這些不肖業的影響...請另尋發財管道!",11232,5000,2018-02-20 03:21:20,303,0,無,Shuntsung Chang
5006,2018-03-01 16:10:42,https://join.gov.tw/idea/detail/89befd1f-1d6b-4945-b4ff-9f5526fe2b0f,廢除菸品健康福利捐，回歸現代國家正常稅制,"臺灣從2002年起開始針對各類菸品徵收菸品健康福利捐，但因菸捐的租稅法定位階模糊以及補助浮濫、不夠公開透明等問題，使得長期以來菸捐的相關議題一直為人所詬病。 
我們認為，民進黨政府應落實關於租稅正義的改革方案，修改《菸害防制法》第4條，全面廢除菸品健康福利捐的徵收，以符合國庫統籌統支的現代國家正常稅制。 
從租稅公平與現代國家正常稅賦制度的角度來看，「捐」的存在是相當落伍且易造成許多弊端的制度。回顧臺灣半個多世紀以來的租稅制度，也有許多各種名目的「捐」消失在歷史潮流裡，例如：教育捐、勞軍捐、國防捐等。其原因在於捐之於稅，本來性質上就具有「附加性」與「臨時性」，並不符合憲法第19條的租稅法定主義原則。 
儘管政府對於各種捐的附加徵收似乎都有其光明正大的理由。例如勞軍捐是為了要照顧軍眷，國防捐是為了要充實國防，教育捐是為了要改善教育環境。但這最多只能算是政府為籌措財源的權宜措施，仍免不了重複課稅的弊端。 
而菸品健康福利捐的徵收，依據的是《菸害防制法》第4條，其用途為：全民健康保險之安全準備、癌症防治、提升醫療品質、補助醫療資源缺乏地區、罕見疾病等之醫療費用、經濟困難者之保險費、中央與地方之菸害防制、衛生保健、社會福利、私劣菸品查緝、防制菸品稅捐逃漏、菸農及相關產業勞工之輔導與照顧等。乍看之下似乎包山包海，功能十足，但實際上補助浮濫離譜，連國小學童齲齒防治、全國孕婦羊膜穿刺檢測、特定政黨候選人選舉文宣，以及所羅門群島的生產計劃亦在補助之列。 
之所以會有這麼多與「菸害防制」無關的用途，而後又引發種種弊端，完全是制度不良所導致。政府應依法徵稅，依據的應該是稅法，而不是《菸害防制法》！因此，政府的租稅改革政策措施應符合租稅正義，廢除菸品健康福利捐的徵收有其正當性。","政府依法徵稅，民眾依法納稅。 
而不是政府依法徵「捐」，民眾依法納「捐」。",10710,5000,2018-03-01 16:11:19,678,0,無,臺灣吸菸者權益促進會
2477,2017-10-17 15:35:47,https://join.gov.tw/idea/detail/7eaa4d2e-1375-45c7-bcd4-3658434ba4aa,前瞻計畫育兒百寶箱之經費挪移作為2至5歲幼兒就學托育補助,近期育兒百寶箱議題有許多討論，不論民意代表或媒體都有許多的寶貴意見，但每位母親為新生兒準備出生後相關物品是喜悅的過程，從挑選尿布、配方奶等等，且每位孩子或家長皆有自己的考量與選擇的權利，如果為了縮短資訊的城鄉差距所以要實施育兒百寶箱計畫，現在網路資訊發達，所有政令宣導都已經網路化的時代，城鄉差距早已不是問題。少子化的問題是經濟的問題，是父母親有沒有選擇的問題，請把選擇權交給孩子的爸媽，政府可以作為支持、輔助的角色，所以不如將此經費挪移到目前尚無就學補助的幼兒年齡層，作為2-5歲幼兒就學之經費補助。,目前2-5歲幼兒並無就學補助，部份縣市因為自辦私托聯盟之補助計畫，但也只有到2足歲。托嬰年齡層越來越低，台灣年輕家庭大多以雙薪為主，托嬰中心收育年齡層為0至3歲，但目前教育部相關補助最低年齡層為5歲，顯見2-5歲為就學補助之空窗亟需要政府的支持與重視減少托育經濟壓力也有助於夫妻思考是否生養第二胎，建議托育政策還是回歸經濟支持面的思考，而非一次性的物品補助。,10675,5000,2017-10-17 15:36:13,425,0,無,2歲兒的媽
9986,2020-12-12 00:09:55,https://join.gov.tw/idea/detail/ac95b365-1bd5-4a8b-81b1-7ef613efdda6,國高中上課時間改為9:30到5:00,普遍學生睡眠不足，上課時常會有打瞌睡的情況，希望藉此能延緩上課時間,讓學生讀書效率加倍，上課不再容易打瞌睡，精神比較好讀書效率也比較高。,10296,5000,2020-12-12 00:11:23,1937,0,無,Angus
1586,2017-05-04 01:37:44,https://join.gov.tw/idea/detail/a703f159-9a39-442d-b4ee-e9451da3b426,中華民國汽車審驗應加速進步，制定標準，讓報廢、改裝車輛經過審驗後重新領牌、合法上路。,"1.綜觀目前國內汽車市場，眾多車輛型式及款式多未輸入國內，甚至國產化，且多數為自排車輛，手排車量甚少，若車輛變速箱損壞如經過合法零件取得， 
為何不能由自動排檔型式變更成為手動排檔?且手排變速箱耐用且比自排變速箱更能達到省油效果。 
2.因台灣多為短程，且天氣濕熱，更容易造成引擎及變速箱損壞，引擎損壞何故不能變更其他形式之引擎。 
3.台灣眾多汽車改裝零件均外銷國外，國內市場甚少，消費者甚至須透過國外買回made in taiwan之產品，係因政府對於改裝零件認識不夠，甚多改裝零件均比原廠零件更加安全，如煞車卡鉗及避震器，原廠車大多係為了舒適度及成本偷工減料，造成安全性之疑慮，改裝品並非為了要飆車，而是位了要有更好的行車安全。 
4.中華民國之監理機關審驗汽車之能力遠遠不及國內汽車零件製造商、改裝店家之成長，如參加德國Essen參加第10屆2013年AMD World Championship of Custom Bike Building世界改裝機車大賽得到冠軍的葉韋廷。台灣人能拿到世界冠軍，監理單位的服務品質、審驗能力能夠拿到世界冠軍嗎!? 
5.綜觀，國內所發生之交通事故，大多與駕駛道德低落、法律素養不足、駕車習慣不良有關，並非因改裝零件故障引起，盼求政府機關勿以刻版印象，認為改裝車輛係違反安全之事。","1.當監理單位審驗項目變廣及能力增強後，能依照審驗項目不同、難易度酌收費用，亦可增加政府收入。 
2.如開放合法進口之引擎、變速箱加裝到國內汽車並通過審驗，合法於道路上行駛，更可促進國內汽車業者商業競爭之能力，倘若汽車製造及修配業蓬勃發展，亦可讓政府增加稅收。 
3.改裝零件可以增加車輛行駛道路之安全性。 
4.如果原本係自排變速箱之車輛，換裝手排變速箱更可以達到省油、耐用，且維修較自排變速箱便宜，民眾也有更多選擇。 
 ",10259,5000,2017-05-04 01:38:01,663,0,無,大宗
179,2016-07-18 23:59:52,https://join.gov.tw/idea/detail/364fbf9e-72d0-40ef-95b7-a303e401aa93,請路政司嚴苛檢討並執行大型重型機車依法試辦高速公路！," 
 
－－在台灣，大型重型機車（下稱重機）是見不得光的。
 
　　重機族，並不是都愛飆車，並不是都愛違規，也並不是都會上高速公路與快速公路，但長期在媒體的污名化下，「騎重機」早已成為貶抑詞。
 
　　政府政策連帶也受影響，媒體與各方利益挾持政策下，許多優秀的政務官想要改變台灣交通的現況，是難上加難的。在此先感謝國發會願意提供此一平台，請各位優秀的政務官加把勁，一齊為台灣進步盡一份心力！
 
　　根據維基百科顯示，在有高速公路統計的四十八個國家中，僅僅中華民國、印尼、泰國、南韓與經濟危機的委內瑞拉等五個國家，禁止重機上高速公路。其餘先進國家如香港、美國、日本、歐盟，連機車現況比台灣混亂的越南都開放５０ＣＣ以上機車行駛高速公路。（越南機車youtube影片）
 
　　台灣人，不要再說什麼國情不同了，我們台灣人不是井底之蛙，幾乎全世界都開放重機上高速公路，難道台灣還要重蹈覆轍嗎？台灣有優秀的四大國產機車廠商，當年禁止１５０ＣＣ以上機車生產與內銷，導致台灣機車工藝停滯不前（文獻來源）。錯誤的政策已讓台灣本可傲視全球的機車工業，限縮在１５０ＣＣ以內，一禁止就是二十三年，導致台灣優秀車廠，因無重機內銷市場支撐，連帶影響研發投資與外銷實力。直到２００２年，終於開放重機，卻是被ＷＴＯ要求而強制開放的。（當年僅有２５０ＣＣ以上區分重機分的文獻）
 
　　路政司自從２０１２年起不斷地說，由於民意反對、地方政府反對云云，所以現階段不開放重機試辦高速公路。至今已經快五年了，間接導致大型重機經營同業全國促進會理事長陳豊運前輩自焚抗議……前輩妄想透過最激烈的自焚手段，能夠敲醒這個愚笨的政府（東森新聞）。實在是不想談路政司辦的鬼民調，有興趣看的朋友請自己點「誘導式民調內容連結」。民間自辦民調有效份數９０３２分，高達七成五支持開放重機國道路權（文獻來源）。另有熱心網友寫信給每個縣市的交通局，詢問是否支持或反對重機國道路權，得到的回覆都是無特定立場、主管機關為交通部高公局、配合中央政策等（文獻來源）。路政司請勿推諉卸責！論功沒有、論過一定有你一份！就事論事來看，路政司為反對而反對、多一事不如少一事的心態，還需要其他優秀政務官協助推行政策！
 
　　立法院已三讀通過交處條例第９２條：重機得以行使交通部公告之特定路段與時段之高速公路，交通部不斷推諉卸責；立法院並附帶決議，建請以國6、國8及國3新化以南路段為優先試辦路段等，交通部不斷藐視民意，甚至藐視立法院，將行政命令置於法律條文之上！
 
 
 "," 
每件事都有正反兩面，在此陳述開放高速公路行駛重機的利益與影響： 
 
【利益】
1.    帶動經濟：  機車市場內需龐大，據交通部數據所統計、重機開放行駛快速公路以來，已使掛牌率於民國９６年起逐年爆發性成長（中時電子報、交通部統計查詢網），顯示政策開放導致民眾購買重機比率提升。
2.     推動淘汰二行程與老舊機車： 依據交通部統計查詢網資料，民國９６年至民國１０４年間，開放路權後第四年起，機車總數不升反降，顯示開放重機可顯著提升民眾汰換老舊機車意願，減少二行程機車造成的空汙危害。
3.     改善交通壅塞、提升道路使用率： 歐盟於２０１１年發現尖峰時刻市區道路變成停車場，但靈活的機車可以有效紓解車潮，因為相同的汽車空間同時可容納六台機車！（文獻來源youtube、文獻來源） 台灣地小人稠，人民自然選擇最適合的交通工具－機車，政府長達多年的政策阻擋都沒能讓機車消失，反而逐年成長，直到近年才開始下降。然下降的同時卻碰上油價大跌，汽車數量不斷攀升，交通瓶頸更為明顯。故開放重機路權，也可誘導汽車購買者轉購買重機。 舉例：若騎重機從松山機場至林口三井，未開放國道行駛前需時約４５分；開放國道行駛需時約２２分，可提升汽車使用者改騎重機的機會。 綜上所述，若以交通壅塞角度看，若不談大眾運輸，不如鼓勵以「重機」代「汽車」步，將換舒緩大量「一人汽車」在尖峰時間阻塞交通的情形。
 
【影響】
1.    上路磨合期： 如同２００７年開放重機行駛快速公路一樣，許多人認為這將血流成河、天天撒冥紙，但這些並沒有發生。至今用路人也已習慣在高架橋上與重機駕駛和平相處。故實際的上路磨合影響預期不嚴重。
2.     車種複雜化： 目前交通部高公局強調：重機會增加高速公路車種複雜性，且肇事傷亡程度將比一般車輛高（高公局公告），但事實是封閉式道路肇事率遠低於一般道路（高公局高速公路肇事率統計表）（警政署一般道路肇事率統計表），甚至在高公局的統計表顯示「超速肇事率１０３年度共兩件」，最多肇事的是變換車道不當！故車種複雜化無法成為路政司禁止重機上高速公路的理由。（日本交通事故統計資料）
3.     高速公路肩負城鎮運輸，不宜以娛樂性質之重機行駛： 高公局的理由瞎爆了，並不是所有用路人騎重機都是娛樂性質：很多用路人騎重機是為了送貨（中天新聞－騎重機送滷味）、或是為了通勤（中天新聞－重機通勤省油錢）。
   
　　重，機，只不過是個交通工具，上面騎的，是您、是我、是您我的親朋好友。不管是什麼交通工具，都是活生生的人在駕駛，在此誠懇呼籲，不要歧視重機，如同您我不會歧視小黃運將，以及貨運司機。
 
 
 
　　　　　↓↓↓看完，就請按覆議吧！↓↓↓ ",10193,5000,2016-07-19 00:29:08,1452,0,無,meowlike
13568,2022-01-17 15:43:09,https://join.gov.tw/idea/detail/7c1cffb9-084a-4a68-9b9d-4067e6ad3f46,不反對雙國籍，但散佈中華民國應接受他國併吞或侵略等言論應註銷國籍,我國係多元化國家，歡迎各國移民至臺灣，且自由的不阻止人民移民或人民持有雙國籍的一個國家。但持有中華民國身份之國民，卻於網際網路或任何公開媒體「倡導任何一國應侵略我國」言論，或「我國國民應投降於任何一國」之言論，應註銷該國民之中華民國國籍。,不論哪一國國家，倘若欲侵略、滲透我國。而我國國民於公開媒體發佈「贊成任何一國併吞我中華民國」者，國家沒有加以限制將影響他人效仿，且國民可能被洗腦將國家拱手讓人，應予以懲治倡導任何一國應侵略我國之國民。,9903,5000,2022-01-17 15:43:56,285,0,無,杺覓
2305,2017-09-08 11:35:52,https://join.gov.tw/idea/detail/28bec491-8d48-4e6f-af05-0dd2ae9e0c6a,國民小學鐘點費應該調為每一節課320元,"過去數十年，國民小學有兩個重大的問題，分別是沒有每周基本授課節數的保障，以及相對於高中或國中的授課鐘點費，明顯的偏低不合理。每周授課鐘點時數的明確化，已經在恢復國中小綜合所得稅課稅時建立完成，可是，第二個問題，有關鐘點費的金額尚未處理。 
高中一堂課50分鐘是400 元，國中一堂課45分鐘是360 元，以分鐘數來計算，都是每分鐘8元，國小40分鐘卻是260 元，一分鐘不到的7元，應該調到跟高中和國中一樣的每分鐘8 元，也就是每節課鐘點費是320 元。",高中、國中、國小的學歷資格要求都相同，這件明顯的不合理狀況，如果能夠獲得解決，將每天實實在在的回應國小老師的合理工作條件，彌補過去數十年以來的不公平。,9558,5000,2017-09-08 11:37:26,266,0,無,劉欽旭
5233,2018-03-24 19:18:59,https://join.gov.tw/idea/detail/c42ad297-84b9-4ccd-8326-dda69e0e76f9,降低幼兒園師生比," 建議將原法規規定0-2歲之嬰兒的師生比為1:5；2-3歲幼兒師生比為1:8；3-6歲幼兒師生比為1:15 
調降為 
0-2歲嬰兒1:3 
2-3歲幼兒1：6 
3-6歲幼兒1：12     ","看似合理的師生比，但在實際職場現況私立幼兒園超收現象政府視而不見，或園所運用技巧躲避法規，幼兒園老師從相關管道申訴無效，國家最底層及根本的幼兒教育不被重視，幼兒教師的身心極度疲憊，呼籲政府真正重視底層教育。 
建議政府降低幼兒及教師的師生比，讓幼兒學習品質能有實質上的幫助，師生比2：30是表面紙本上的數字，但真正看的是園所有沒有良心，2：30的師生比根本就是1：30，老師只有一雙眼睛，又如何看顧到這三十名幼兒的人身安全，責任是背在老師的身上，再好的脾氣和再有耐心的老師終究不敵不合理的幼兒企業公司。 
唯有將師生比降低，不管是教師、家長、幼兒都會有比較好的學習品質，至於企業想要賺多賺少，在符合成本效益的情況下，希望政府能有一個更明確的統一規範，畢竟有快樂的老師才會有快樂的孩子，有快樂的老師才有好的校園風氣，有快樂的老師才會有良好的親師溝通，一個重要的政策引響全國所以孩子的權益。",9257,5000,2018-03-24 19:20:44,370,0,無,Coral Lin
2076,2017-07-30 13:52:11,https://join.gov.tw/idea/detail/6090d5bd-45b9-47fb-b5d6-626fc860111a,中小學教師兼任行政應以「輔助教學」為第一要務，與教學無關之公文、報告、計畫.....等，應大幅減量。,"台灣國中小老師的行政職多在做「疊床架屋的工作」，每天有「寫不完的報告、做不完的評鑑」，工作的成果卻往往無法反映在教學上，對教育的主體--學生有何幫助？ 
況且兼任行政職的老師們必須備課、上課，然後處理行政業務，真的吃力不討好。 
學校行政應支援第一線教師教學工作，並作為老師間溝通協調的橋樑，完成有效率的教學。 
台大葉丙成教授也在臉書發文認為： 
行政大逃亡是臺灣中小學教育最大的危機。 
給行政主管加薪來留人，根本沒有用。 
能把那些沒意義的公文減量、不要寫一大堆報告，讓兼行政職的老師們能真正有時間把心力放在思考如何讓學校運作得更好、幫助其他老師教得更好，才是讓人願意接任行政主管的真正關鍵。 
因此，我們希望： 
1.把沒意義的公文減量，兼行政職的老師們不需要寫一大堆公文、計畫和報告，不需要應付所謂的「評鑑」。 
2.讓兼行政職的老師們能真正有時間把心力放在「讓學校運作得更好、幫助老師教得更好」。 
 ","1.讓行政工作回歸「支援第一線教師教學工作，並作為老師間溝通協調的橋樑，完成有效率的教學。」 
2.教育以學生及教學為主體。 
3.把老師的時間還給學生，把老師的心力還給教學。 
  
  
 ",9110,5000,2017-07-30 18:33:51,276,0,無,Uma Wu
735,2016-11-14 09:04:38,https://join.gov.tw/idea/detail/4ac7ff4b-c81d-4152-bee6-1b05b4d52d52,"反對同性婚姻,反對修改民法972條","1、 同性婚姻入法將消耗國家龐大資源，影響政府拼經濟 部份支持同性婚姻的民眾是因為覺得對自己沒影響，但將同性婚姻入法實際上是根本改變婚姻的定義，幾乎所有涉及婚姻、親屬、生殖、財產繼承、保險撫卹之法令全都需要檢視與修改，各級行政機關的作業流程及系統也都要跟著改，立法院亦必須投入許多心力審視、修訂相關法令條文，將耗費龐大行政、立法資源，對全國人民的影響不可謂不大。 
2、 同性婚姻在多國點燃社會戰爭，臺灣倉促推動勢必引起社會爭議與內耗 法國通過同性婚姻後引發了30年來法國最大的街頭抗議，美國加州為了同性婚姻舉行公投，英國《每日電訊報》評論稱同性婚姻將會爲英國社會帶來「亨利八世統治以來最大的衝突」。臺灣倉促推動也勢必造成國家社會更多的對立及內耗。 
3、 歐洲人權法院及美國最高法院皆未作出定論，台灣不應成為華人地區第一隻白老鼠 目前僅8個歐盟會員國承認同性婚姻，少部份國家承認其享有「某種形式的登記關係」，多數歐洲國家則完全不承認同性伴侶的法律地位，歐洲人權法院針對政府不承認同性婚姻，均判決其不違反歐洲人權公約。美國聯邦最高法院也僅同意各州可自行決定，但仍對婚姻的定義保留，未作出任何判決。重視婚姻與世代傳承的華人地區更沒有國家承認同性婚姻。 
4、 同性婚姻不具自然生育的可能性，不利於台灣的家庭延續與人口發展 台灣少子化問題嚴重，生育率快速下降，在全球排名中敬陪末座，比起新加坡、南韓、日本等都要更低。低生育率將造成勞動力與生產力不足、財稅收入減少等諸多問題，加速社會高齡化，嚴重影響國家競爭力。一男一女的婚姻及自然的生育傳承，合乎促進台灣人口永續發展的公共利益。 
5、 愛滋病最大宗是男男性行為，已成青少年十大死因 根據疾病管制署統計，台灣民眾感染愛滋病的危險因子中，最高為同性間性行為，其次為吸毒亂用針頭，在102年1~7月已查明感染來源的案例中，因男男性行為感染愛滋病者高達74.57%，每年由國家支付的愛滋病醫療費用已達30億，佔了疾管署預算一半以上，且每年成長，同性婚姻入法等於變相鼓勵同性性行為，極不利愛滋防治及政府財政負擔。 
6、 同性婚姻不符合未成年子女的最佳利益 在一個具有長期承諾、穩定、受法律保障的一男一女的婚姻關係中，子女最有可能得到其父母良好照顧及教養。 
基於上述理由，臺灣應堅持一男一女，一夫一妻的婚姻制度，讓台灣的下一代在正常的兩性關係中成長和發展，以促進台灣社會的安定和進步。","現行婚姻制度下，同性戀者的遺産繼承、合葬、醫院探病權、手術同意書等，政府可以透過單點修法的方式來解決，不需要更改現行的婚姻家庭制度；婚姻制度 關係到全國人民與民眾生活、家庭倫理、道德價值、社會秩序及國家永續發展息息相關。 
並且人口老年化.少子化已經越來越嚴重,幾乎已經快變成國安問題,台灣實在沒有本錢繼續亂搞下去 
 ",9058,5000,2016-11-14 09:04:57,595,0,無,永生馬
2472,2017-10-16 13:14:11,https://join.gov.tw/idea/detail/90028e3c-f785-438a-836b-25b0b8fb8e1b,我國應調整時區至GMT +9 ,提議我國時區由目前的 GMT +8 提前至 GMT +9，與日韓相同，脫離中國大陸標準時區,"台灣其實在過去也曾經屬於GMT +9時區，與台灣類似經度的南北韓也屬於GMT +9時區，由 GMT +8改為 GMT  +9也可象徵性的脫離中國(GMT +8)的從屬，讓到台灣的陸客或是外國旅客淺意識體會到台灣與中國大陸的互不相從屬關係 
  
且台灣所處的地區，如果時區提前1小時，在冬季下班時間不會這麼暗，夏季也可充分利用陽光",8888,5000,2017-10-16 13:14:30,684,0,無,Yohan Ting
9355,2020-10-01 21:57:47,https://join.gov.tw/idea/detail/3e6063a1-5be0-4791-86c9-3801532c75d4,要求108新課綱高中課程移除學習歷程檔案一項,"1.學習歷程檔案的不必要性:在高中生活裡，學業範圍加深加廣，學生在兼顧課業之餘，實在難有時間再去參與其他課外的活動，除此之外，教育部原先的理念為不應該只透過成績來評斷一個學生的能力，應該透過更多元、全面的面向來參照，但在學測結束到推甄之前，這短短的時間裡是很難生出能超越水準以上的歷程檔案的，所以學生往往得從高一時就開始準備，而有些科系不太參照學系領域以外的歷程檔案，這也意味著學生三年的努力可能白費，而且也並不是每位學生都在高一就決定好自己未來想就讀的科系及就業方向，所以學習歷程不是升學的助力，反而是阻力。 
2.學習歷程檔案的可信度:前面提到教育部的理念為希望透過成績以外資料參照一個學生的能力在哪裡，但是就我身邊的同學老師及許多同為108課綱的學生來看，學習歷程最重要的目的，好像不再是學習許多課堂中學不到的知識，以充實自己，而是變成一個上大學前要做好的作業，覺得只是交差了事罷了，彷彿就像是在比誰寫的故事比較精彩一樣，所以跟學業成績比起來，這些似乎更不能清楚了解學生的能力。 
因此，綜合以上兩點，我認為108新課綱中，學習歷程不是必需的，而且優點不明顯多於缺點，所以我主張移除此項目。",在移除學習歷程檔案後，我認為學生能更專注在課程的學習上，而不是需要一直擔心沒東西能上傳而窮擔心，也能去探索更多自己喜歡而且跨領域的東西，不再帶著壓力去學習新的事物，能更自由自在地度過高中生活。,8755,5000,2020-10-01 21:58:10,631,0,無,煞氣a阿鵬
3428,2017-11-12 21:20:08,https://join.gov.tw/idea/detail/4b8696ee-2189-417a-bbfc-89b969abe824,全民健保，長年旅居國外、退保期間過長者，不得成為納保對象,"　　根據【全民健康保險法】第8條規定，只要設有中華民國國籍，且在台灣設有戶籍6個月以上者，就是全民健保的被保險人。然而，近年來本國有愈來愈多富足的人，長年旅居國外，只有在想要使用台灣便宜的醫療資源時，才會回來台灣；健保本來應該是給予在台灣生活、就業、工作的人們保障的，不應該只是「擁有中華民國國籍」就可以享用便宜的健保，有違公平正義，即使我們口口聲聲要保障人權，也不應該是所有人一體適用。 
　　剛好第13條規定，是有關於【退保】，13條規定如下： 
有下列情形之一者，非屬本保險保險對象；已參加者，應予退保：一、失蹤滿六個月者。二、不具第八條或第九條所定資格者。 
　　這一條講到的退保，只要旅居國外者回國後，就可以很快復保，因此本人建議增加第13-1條，退保後的復保規定：【曾因故退保者，重新申請被保險人身分者，應予檢核近1年於國內滯留天數是否達183天，未達183天者，除以下原因者，不得復保。　一、因受僱用單位委託派駐在國外，並由僱用單位業開立證明；且僱用單位應屬本國合法登記之公務單位、公司、財團法人、機構等。　二、因遭受人身限制而無法返回國內者。】 
　　本人對於法律的了解淺薄，或許對於修法的字句等斟酌，不如行政院、立法院的同仁專業，但是本人的想法很簡單，就是遏止【出國享福、回國濫用國家資源】這種惡習，希望先在此平台提出建議，並在行政院、衛福部、立法院的精煉下，立定更完善的法律，將健保資源提供給更需要的弱勢族群，或是真正盡心竭力為這個國家打拼的國民以及外國居留朋友。","　　根據2016/3/11衛福部發的新聞稿，於2015年，一年內短期返國復保，又出國辦理停保之保險對象共計有5.7萬人，全年保險費收入約3.109億元，其中有就醫紀錄者為 40,554人，健保支出之醫療費用共計約2.81億元。若這2.81億元有一半是屬於【出國享福、回國濫用國家資源】這種心態，成功遏止後，一年應可省下1.4億元。 
https://www.mohw.gov.tw/cp-2625-19389-1.html 
 ",8741,5000,2017-11-12 22:04:06,513,0,無,Alex Lai
205,2016-08-31 15:48:19,https://join.gov.tw/idea/detail/894a37d8-18d5-4112-8b88-73ba23b32325,廢除各項公共運輸工具上博愛座之設置,"近年來，台灣一般民眾之文化水準已明顯提高，在公共運輸工具上讓座給有需要的人已經成為一個常見的行為。不僅僅局限於博愛座，一般座位也常見讓座這樣的行為。近日來，由於博愛座所引發的紛爭時有所聞，這類紛爭多半由於部分乘客自行判斷某些人不應該坐博愛座。年齡並不是判斷是否""有需要""座位的依據，是否坐在博愛座上，也不應該是自我判斷我是否應該讓座的標準。因此，我提議可利用車廂廣告或是其他媒介持續宣傳讓座此一美德，但取消博愛座的設置。以我之見，博愛座並非規定強制某些特定人士才能坐，也沒有法規強制必須讓座，只是一種推廣的做法。在目前，國人多半已有此習慣，但博愛座卻帶來了負面的效用：使得部分人不敢坐博愛座，以及另一部分的人認為博愛座應該要讓座。讓座是一種美德，如果我們狀態良好，自然應該幫助有需要的人。但被讓座的人，也應該理解與感謝，而非認為這是一件理所當然的行為。取消博愛座，不會使得讓座這項美德從台灣消失，但卻能避免許多紛爭的發生。因此，我期望大家支持這項提案“廢除各項公共運輸工具上博愛座之設置""。","在平日，我們可以見到許多人讓座給有需要的人，即使他所坐的並非博愛座，在此同時，我們也可以看到有些貌似身強體壯的年輕人，坐在博愛座上並不願意主動讓座，但是，一般乘客並沒有辦法判斷這些貌似身強體壯的年輕人是否真的一如外表般的身強體壯，也許他受了傷沒好，也許他身體微恙，更或者他只是連日工作辛勞需要休息。這些都是需要座位的正當理由。根據我個人的觀察，是否願意讓座與是否坐在博愛座上沒有強烈的關聯，而人們也沒有辦法客觀的判斷坐在博愛座上的人是否""應該""要讓座，因此，許多的紛爭變因此而起，廢除博愛座的設置，但持續宣傳讓座這項美德，不會讓本來願意讓座的美德就此消失，反而可以避免許多不必要的紛爭。",8697,5000,2016-08-31 20:19:35,1105,9,無,GIlbert Pi
9332,2020-09-28 10:50:00,https://join.gov.tw/idea/detail/c939b078-5dc2-43c9-b545-7ee228d81c4b,廢除道路交通管理處罰條例第7條之1規定(民眾得敘明違規事實或檢具違規證據資料檢舉),人民有免於恐懼的自由，不是每天開車、騎車要擔心受怕，不知道何時會遭到檢舉達人檢舉，況且人民並不是執法者，不能以當事人違規為由就無限上綱讓人民來充當執法者來檢舉開單，而且徒增警察業務。,人民財產會受到莫名減少，且警察義務量暴增，影響見警率。,8637,5000,2020-09-28 10:52:31,822,0,無,郭先生
765,2016-11-18 10:14:23,https://join.gov.tw/idea/detail/2322da98-4b18-48d0-b63d-0015edab2346,國旅卡制度不應圖利特定廠商,"公務員國旅卡制度並非福利，而是當初政府為了省下發給公務員未休畢之休假薪資建立的制度，限制公務員不休假薪資的用途（只能於特約商店消費），公務員一直以來也都迫於接受， 
  
但本次國發會修正國旅卡規定，強迫其中八千元必須由機關辦理團體旅遊或要求用於參加個人套裝旅遊，形同圖利特定旅遊業廠商， 
  
試問為什麼觀光業的惡習（無品質的行程、強迫旅客消費）導致陸客不來的後果不是政府協助輔導改善，而是要求國民承擔？試問，當政府要求必須強迫消費於這些旅遊業者的低品質旅遊方案，他們還會思考改進嗎？旅遊業還會進步嗎？國外旅遊比國內還便宜，這難道不是旅遊業自己的問題？政府不思如何改善旅遊業的體質與監督，只一味的要保障不肖業者的利益，只會造成我國旅遊業競爭力低落，加劇國民減少在國內旅遊的情形。 
  
再以，並非每位公務員都有時間配合機關或是安排旅遊行程（有些工作性質根本不可能連續休假），且如撥由機關辦理旅遊，屆時未使用完之經費如何銷帳，進了誰的口袋？ 
  
我們不能忍受政府強迫要求在這些沒有品質的旅遊行程消費。旅遊業沒有肥羊宰就逼迫人民去當肥羊，這是什麼邏輯？（拎北寧願拿去捐給弱勢團體也不願意花在沒有品質又低廉的旅遊業啦） 
  
基於上述理由，個人提案如下： 
  
1.國發會應重新檢討本次修正是否充分徵詢公務員意見 
  
（不是很愛要求各機關擬定政策時要積極溝通？請問本案國發會除了開會還有做什麼溝通？問了幾個公務員的意見？還是根本黑箱？） 
  
2.旅遊業經營不善不應由人民買單，應由交通部觀光局整體檢討旅遊業體質，提出具體改善及監督方案，並積極研擬國際行銷，而非強迫公務員或國民消費 
  
3.強迫於特定旅遊業者之旅遊方案消費，非但限制公務員財產權利，亦為圖利特定廠商，未來觀光業者亦可能以低價成本行程虛報為8000元，我們合理質疑政府是否與旅遊業者勾結，政府應停止本案規劃 
 ","1.由交通部及國發會積極協助旅遊業者調整體質及產業結構，提升整體旅遊業競爭力。 
2.維持現行國旅卡消費規定，不應限制特定金額於旅遊業消費。 
 ",8477,5000,2016-11-18 10:15:32,844,0,無,Pooh Winnie
1418,2017-04-08 13:02:51,https://join.gov.tw/idea/detail/7b6acbe5-93f5-4e6c-b4a9-d3f6c4e05c80,請求內政部空勤總隊設駐恆春機場,"恆春半島離最近大都市約120公里，無高鐵無快速道路，居民若發生急難只能靠救護車後送高雄4月1號在關山時舞民宿前面那場車禍.機車騎士在送往高雄義大途中因傷勢嚴重中途轉往東港安泰急救時.已宣告不治了 足以說明後送問題! 
4月5日的車城潛客搜索，若由恆春駐地起飛，可省去從繁忙的高雄小港國際機場起飛影響的正常航班(4月5日因為空勤104搜索任務影響起碼6個正常航班)若空勤總隊入駐恆春機場，一來可化解恆春機場淪為蚊子機場之汙名，二來可解決民間要求快速道路延伸(為了後送問題)請長官們考慮一下，駐地一年預算大約2億，可解決民間要求之需要預算900億，哪一個划算? 
恆春機場 設置直升機起降點為24小時均可使用! 為何不活化?善盡機場職能?",若空勤總隊進駐恆春機場，以最新的701-706這六架黑鷹直升機來說，最大起飛限制為35浬的風，這已大於恆春機場近5年來觀測到的最大風速!也就是說，若用MH-60M機型可在恆春機場長駐!救護車從恆春後送高雄 1.3小時若是由空勤後送高雄 20分鐘可到金門 澎湖 可由空勤緊急後送，為何恆春半島就不行?只因為我們連在一起，算本島?差別待遇嗎?,8449,5000,2017-04-08 13:03:55,295,0,無,Robin Hsu
6213,2018-08-10 00:09:20,https://join.gov.tw/idea/detail/ef7dfc73-465a-4f32-9835-c2695ad75f7b,動物保護法加重罰則,"近期虐待浪貓、浪狗的事件頻傳 
五月底開始，延吉街連續潑貓事件，截至目前已確認有20隻貓咪受傷 
七月 台北市光復橋下河屢傳打狗事件 
八月初 屏東麟洛運動公園5隻親人浪犬慘遭惡徒打爆頭致死 
等等案件，層出不窮 
但我國動保法對虐待動物的罰則目前要動物死亡、肢體嚴重殘缺或重要器官功能喪失才得公布其姓名、照片及違法事實 
以延吉街一案來說，雖然目前沒有被發現的貓咪死亡，但若是沒有眾人們及時發現並協助誘捕送醫，這樣面積的傷口非常容易造成感染，甚至死亡 
同時罰則太輕，就算裁罰七萬五，可能根本不到兩隻傷貓的住院醫藥費，除了沒有嚇阻的效力，更連實質的幫忙都沒有 
流浪貓狗已經是弱勢，他們可能從出生就生活在街頭，有些人喜歡，有些人不喜歡，但他們一直都在 
保障他們不會被有心人士騷擾、傷害甚至殺害，是我們至少可以幫他們做的 
提議加重虐待流浪動物罰則，全面公布姓名及照片，強制進行心理治療，並且負擔所有動物醫療之醫藥費","『 一個國家道德進步與偉大程度，可用他們對待動物的方式衡量 』 
所有的犯罪都是從小地方開始，今天一個人虐待流浪貓狗，難保他之後不會食髓知味，開始攻擊寵物甚至是兒童 
如果可以更加嚇阻人們虐待動物，並且教導大家尊重所有生命，我們會成為一個更好的國家",8275,5000,2018-08-10 14:56:42,880,0,無,蘇
14060,2022-04-15 15:27:39,https://join.gov.tw/idea/detail/86bad90e-ae3f-4351-b4c2-5ff72a4d88ce,希望能讓學校自行評估遠距教學之規範且對於已有確診個案之學校採取全校遠距授課之政策,由於教育部規定大專遠距教學標準為1/3以上系/所的班組暫停實體上課，全校才得以實施遠距教學，但因有些大專院校校區分佈較廣，學生人數眾多，現在也有確診個案（但未達政策標準），大學生生活足跡很廣，有校園、有工作場所、也有宿舍、也都來自四面八方，跨縣市移動染疫的機率更高，學生和老師也都有跨校區上課、活動的可能，宿舍染疫風險更是可怕，足跡只會更難掌握，若等到達政策標準再實施遠距教學的話，到時情況的嚴重性是大家都難以想像的，所以在此發起「讓學校自行評估遠距教學之規範且對於已有確診個案之學校採取全校遠距授課之政策」，這樣也許能依各校狀況更確實的控制學生的足跡及學生確診人數，有些學校目前防疫措施與隔離匡列的班級名單不夠完善，沒有考慮到跨校區上課的授課老師與學生的安全，且早上才臨時公告停課，會讓學生在上學途中錯愕，學校應該要在疫情一爆發時就宣布停課，也讓學生不必每天處於恐懼之中影響學習效果。,"1.能更確實追蹤及控制學生足跡和確診人數 
2.能有效控制校園確診案例持續擴張 
3.學生不必每天處在恐懼中學習，影響學習效果",8193,5000,2022-04-15 16:29:04,183,0,無,Kao
2316,2017-09-10 22:38:24,https://join.gov.tw/idea/detail/00f3df83-de8b-4181-8ee6-5f000881624f,為全國中小學加裝冷氣空調，提高在5、6、9、10月30多度的酷熱下的學生學習力。,請政府撥出預算幫全國中小學教室加裝冷氣空調。," 
 在台灣高溫的夏日，5、6、9月，甚至到10月，30多度高溫已經成為常態，教室內氣溫飆高到33度，甚至35度也是屢見不鮮，學生昏昏欲睡，一年的學習時數中，約有一半在大人都受不了的高溫中度過，妨礙學習，莫此為甚。在亞熱帶加裝冷氣空調已經成為提高學習力與生產力的必要條件，在舒適的學習環境中，自然會有更高的學習力，下一代的腦力資源是未來的國力保證，前瞻在此。新加坡李光耀是在2000年接受《亞洲華爾街日報》訪問時，談到新加坡成功的祕訣就是「冷氣機」。 
",8191,5000,2017-09-10 22:41:45,315,0,無,曾易昌
2519,2017-10-20 08:52:53,https://join.gov.tw/idea/detail/ed306cd5-420c-44b6-aacc-b5061b0799dc,我國應維持GMT +8時區，反對調整時區至GMT +9,提議我國時區以格林維治經線為零度作標準，維持目前的 GMT +8,"1、依據維基百科記載，1919年，中華民國在上海和天津曾短暫地實行夏令時間。從1945年起陸續實施過。（但部分專家學者反對，認為該時制易導致時間使用混亂）。中華民國政府遷至台灣後曾因全球能源危機由政府下令實施。每次起訖日期略有更動，正式名稱則稱為「夏令時間」或「日光節約時間」。惟1980年起再度停止至今。[2] 
  
2、自民國68年10月1日，台灣恢復GMT +8時區的時間標準，GMT +8時區實施已達38年之久，台灣民眾早已習慣目前GMT +8時區的時間標準，不宜因任何政治因素改變成GMT +9時區致干擾台灣民眾的日常作息！ 
  
3、台灣從來就不是中華人民共和國的從屬，不需要改成GMT +9時區；台灣若改成GMT +9時區，並不會讓陸客或外國旅客淺意識體會到台灣與中國大陸的互不相從屬關係，陸客仍會堅持台灣是中國大陸的從屬，而部分外國旅客也不可能因為時區改成GMT +9而認定台灣與中國大陸的互不相從屬關係。 
  
4、台灣所處的地區，如果時區提前1小時，由於很多公司或企業單位的員工都有加班情形，因此時區提前1小時後的下班時間實際狀況一樣是黑夜，而夏季時期若時區提前1小時，也不可能因此而使民眾充分利用陽光，反而會造成很多公司企業或教育單位調整上下班及上下課時間，非旦無益於台灣民眾充分利用陽光，反而易導致時間使用混亂；故建議台灣不應改成GMT +9時區，應維持目前GMT +8時區的時間標準。 ",8113,5000,2017-10-20 08:53:01,356,0,無,水鏡八奇
5813,2018-06-04 18:18:05,https://join.gov.tw/idea/detail/2fd6e20f-3047-4100-8d31-79d200171570,廢除公教人員數位學習計劃,強迫每年數位學習20-40小時，浪費時間 沒有任何效果。,強迫學習沒有任何公共利益可言,7974,5000,2018-06-04 18:18:53,163,0,無,yaochi huang
691,2016-11-09 07:36:21,https://join.gov.tw/idea/detail/e77b012e-8bfb-4f0a-81cf-219b66e1a31c,遭遇火災的文化資產及其用地，一百年不得做修復原狀以外的用途,有鑑於台灣各是文資古蹟等均會自燃，因此建議立法規定遭遇火災的文化資產及其用地，一百年不得做修復原狀以外的用途。以杜絕有心人士藉由縱火進行炒地的事情。,"降低文資古蹟自燃的機率。減少有心人士利用縱火達成都更或炒地皮的事實。 
可有效維護古蹟用地不被任意霸佔。",7861,5000,2016-11-09 07:37:38,665,0,無,Hazuki Hsieh
1859,2017-06-18 13:04:13,https://join.gov.tw/idea/detail/7dc08967-a05a-480c-968c-fe7c7cfd7b31,臺灣增設TW-NCAP,國產車撞擊不公開，雖說要用NCAP星等制來公開，但是評等方式卻與NCAP差異甚大，希望政府能設立機構比照NCAP的方式進行國產車撞擊測試，目前連中國及東南亞都有NCAP制度，政府是否落後了點。,NCAP撞擊一次約耗費超過1000萬，可從一年好幾百億的交通罰款來支出，一來可給消費者了解國產車的安全性又可保障行車安全，終止多年來的只有2顆安全氣囊機及沒有辦法選配ESP的狀況，提升大眾行車安全。,7752,5000,2017-06-18 13:04:24,485,0,無,Hon
982,2016-12-23 22:48:42,https://join.gov.tw/idea/detail/5856ba4a-be1f-4418-a7bf-25110055b24f,配合勞基法修正，政府應取消國旅卡，恢復不休假獎金,"勞基法已經修正，勞工未休完之特休，雇主得折算工資發還給勞工，否則勞工可向勞動部檢舉進行勞動檢查。 
政府身為公部門勞工之雇主(公務員與國營事業)，對於未休完之特休，卻改以國民旅遊卡強制消費，且近期國旅卡之改革，無疑是要求公務員向特定旅遊業者消費。故建議配合勞基法修正，政府應取消國旅卡，恢復不休假獎金。 
  
勞基法新制／特休假沒放完 折算工資 
http://money.udn.com/money/story/5648/2182174 
特休假沒放完　折算工資 
https://news.housefun.com.tw/news/article/746023150329.html 
特休假禁遞延 沒休完須給薪 
http://www.appledaily.com.tw/appledaily/article/headline/20161208/37477804/ 
 ",政府身為雇主，應遵守最低標準的勞基法規定。即公務員未休完之特休，應發還工資(不休假獎金)。,7535,5000,2016-12-23 22:48:52,627,0,無,王白青
9847,2020-11-21 01:44:56,https://join.gov.tw/idea/detail/ad9d14d9-1fa2-4741-928e-9070fdefc01c,已婚女子捍衛自己的權益,"優生保健法第九條的規定，未婚女孩可以引用第六款的規定，也就是因為懷孕或生產，會影響心理健康或家庭生活時，自己決定要不要生下這個孩子。但是，已婚的女孩呢？根據但書的規定，引用這個條款，必須要配偶同意。 
  
已婚懷孕，除非被性侵、胎兒有遺傳病、重大缺陷、母體生下孩子會有生命危險等等，否則必須經過配偶同意，才能合法墮胎。這個規定可惡的地方在於，生下孩子會不會影響健康或家庭生活，必須是配偶「一起」決定，配偶不簽名，孩子就一定得要生下來。 
丈夫外遇生子，為什麼第三者要不要拿掉小孩，不用妻子同意？ 
優生保健法第九條的但書一定要修正，這是一種剝奪女性身體自主權的法令。如果未婚墮胎可以引用第六款的規定，不應該在結婚後，就要配偶同意才能引用第六款。 
 ","  
在有配偶的情況下，懷孕的女人除了優生保健法第9條第一項第一款至第五款這五種不可抗力、無法選擇的情況外，對於自己懷了孕是否生下孩子的決定，無法自主。倘若配偶拒絕同意實行人工流產手術，那麼妻子就必須忍受懷孕期間的種種不適。 
若有外遇中的丈夫、或有言語暴力的丈夫，在尚未得到相關證據時，能夠保障自己。",7505,5000,2020-11-21 01:45:54,287,0,無,Ching
7437,2019-08-19 16:21:42,https://join.gov.tw/idea/detail/09ae5b7b-b8d9-4c92-bc51-46416f4b2df4,終止神豬重量比賽祭祀,"農曆七月義民祭的神豬祭祀常被誤以為是客家文化，但早在2011年，就有上百位客家人率先發起連署，指出神豬比賽絕非客家傳統文化與習俗，包括音樂人林生祥、作家鍾肇政、台大教授李茂生等，都認同以此標榜為客家文化是對客家人的嚴重羞辱，更是客家文化的最大污名。 
並在2016年文化部也就已公告強調：義民祭為重要民俗，但不包括「神豬重量比賽」！　 
農委會畜牧處副處長王忠恕表示，神豬競重比賽非值得鼓勵的風俗習慣，農委會也多次責成地方政府，輔導廟宇民俗觀念與時俱進。 
  
了解「神豬重量比賽」神豬重量比賽以「傳統、民俗」之名，在飼養長達約二年的時間裡備受迫害；多數飼養者並以「強迫灌食方式」許多豬胖到癱瘓；最後在眾人圍觀下，被以利刃活活割喉宰殺。從飼養到屠宰的過程，神豬飽受各種虐待與痛苦。 
虐待動物一：增肥限制豬的行動 豬隻上方架設竹條、橫桿，讓豬僅能翻身、無法站立，加上不斷灌食，長期承受過重壓力，四肢多扭曲變形、胖到癱瘓、身體長滿褥瘡，甚至膀胱被脂肪壓迫，需人輔助排尿，為了讓豬隻能夠超重得獎，少數信徒花錢請豬農「代養神豬」，一般的豬只有一百多公斤重，神豬被迫胖到超過七百公斤。 
  
虐待動物二：強迫灌食業者會用灌食器敲打豬鼻，逼神豬張開嘴巴，以便繼續灌食。根據多數養殖者的說法，一般神豬一天僅灌食一餐，但豬隻被訂購後，為了獲得好價錢，一天灌食兩餐。一餐灌食的飼料約超過30~40台斤，二餐就超過60台斤。許多業者承認肥胖會造成豬隻罹患疾病，在高溫時經常導致動物死亡。據瞭解，92年夏天，因天氣悶熱，光是桃園地區就有超過30頭神豬熱死。 
神豬養殖戶常「自誇」給豬吹冷氣或是電扇享受好待遇，事實上，豬的汗腺不發達，養殖戶害怕神豬猝死，連成本都拿不回！　 
虐待動物三：粗暴蠻橫五花大綁，拖車吊起秤重神豬比賽得「過磅」來確定重量、排名，此時重達上千台斤的神豬，難以自行走動，為了將豬趕到鐵籠過磅，過程十分折騰動物心靈，許多豬受到驚嚇、衝撞鐵籠，導致鼻子、嘴巴受傷流血。有些豬隻會被粗暴、蠻橫的五花大綁，用拖車吊起秤重。 
虐待動物四：公開場合，活活刺喉放血神豬的脂肪過厚，屠宰的屠刀長達1呎半到2呎才能穿透層層脂肪，當屠宰者用尖刀刺入神豬的喉嚨，還需將尖刀前後移動讓傷口更大，神豬因巨大的疼痛與驚恐，屠宰過程哭吼與掙扎激烈，也易造成現場圍觀者情緒不安。屠宰後燙豬皮、解剖、取內臟，在夾雜著血水、灰塵的地上進行。種種情形都已違反「動保法」與「畜牧法」法規。","  
十六年來台灣動物社會，每一年都以各種方式倡議、陳情，雖然至今仍未成功，但為改善動物處境，我們不能放棄。在神豬重量比賽取消之前，我們將無期限抗議此一陋俗。 
這一次，邀請大家參與一同向政府表達我們的心聲： 
別讓殘酷陋習毀了真正值得傳承的珍貴文化， 
請終止神豬重量比賽，能夠凝聚民心的文化裡-不需要虐待動物。 
  
「附議通過我們將會邁向更友善的國際視野上!」 
  
 
 在德國，馬戲團改用3D全息影像取代真實動物，創造全球最奇幻馬戲團。 
 
  
 
 在西班牙，鬥牛節改用充氣牛取代真實的鬥牛，讓小朋友們能夠參與其中，了解生命的意義。 
 
  
 
 在俄羅斯，今年正式啟動野放程序不再囚禁鯨魚，讓鯨魚回歸屬於他的地方。 
 
  
 
 在韓國，釜山市宣佈關閉狗肉市場，讓吃狗肉文化走入歷史。 
 
  
如今我們期盼，在台灣，我們可以全面終止神豬飼養祭祀，改用健康、環保、友善等創新的方式，增加神豬比賽的多元性。 
  
例如: 
 
 大規模的麵皮裝飾彩繪取代豬皮彩繪 
 
  
 
 屠殺神豬改用米豬也能避免造成民眾情緒不安並帶小孩一同參加盛典! 
 
  
 
 可愛的神豬充氣藝術裝置，讓更多民眾有充裕的時間，前往參觀拍照、打卡促進觀光! 
 
  
讓台灣用更友善、創新的方式讓文化傳承下去，也能為下一代帶來更好的教育與省思，謝謝大家的幫忙!",7457,5000,2019-08-19 17:03:02,172,0,無,快樂姆姆
2379,2017-09-27 02:25:30,https://join.gov.tw/idea/detail/dcdc494d-f8af-4714-af83-ad9affc2c67f,禁止中國五星旗在台灣公開懸掛，展示，陳列出現,台灣和中國大陸一直以來的關係是敵對，對岸中國大陸從不承認和接受台灣是一個主權獨立的國家，也從不放棄用各種方式要分化和分裂台灣，一心只想統一台灣，而台灣面對對岸中國大陸的各種文攻武嚇，卻沒有太多的積極的作為，這10年來中國大陸在台灣的動作頻頻，中國五星旗在台灣各個地方也越來越常見，而台灣人民對於中國五星旗在台灣各個地區和場合的出現也變的無危機意識，進而使得中國大陸達到統戰台灣之效果，因此在此提議增設刑法條文分裂國土外患內亂罪，禁止中國五星旗在台灣公開懸掛，展示，陳列出現,台灣和中國大陸一直以來的關係是敵對，對岸中國大陸從不承認和接受台灣是一個主權獨立的國家，也從不放棄用各種方式要分化和分裂台灣，一心只想統一台灣，而台灣面對對岸中國大陸的各種文攻武嚇，卻沒有太多的積極的作為，這10年來中國大陸在台灣的動作頻頻，中國五星旗在台灣各個地方也越來越常見，而台灣人民對於中國五星旗在台灣各個地區和場合的出現也變的無危機意識，進而使得中國大陸達到統戰台灣之效果，因此在此提議增設刑法條文分裂國土外患內亂罪，禁止中國五星旗在台灣公開懸掛，展示，陳列出現,7438,5000,2017-09-27 02:26:34,565,0,無,馬克
934,2016-12-15 14:12:37,https://join.gov.tw/idea/detail/4fd10b9e-fe38-471e-a936-97d4f8ad49da,請政府恪遵《性別平等教育法》，賡續依法辦理性別平等教育及同志教育，保障多元友善校園環境,"近日於政府公共政策網路參與平台上，出現多項意欲廢除同志教育、甚或廢除性別平等教育之提案連署。然性別平等教育作為我國保障人權及憲法平等權的重要政策，不應因歧視派主張而廢除、也不應因有少數民眾反對就打折扣。我們要求教育部應恪遵《性別平等教育法》，持續積極推動性別平等教育。 
  
性別平等教育法之立法宗旨在於實踐我國憲法第七條之平等權規定，並厚植性別平等教育之資源與環境，提昇教育本質與內涵，建設性別平等之公民社會，由立法院在2004制定。 
  
性別平等教育的首要宗旨，便在於理解與尊重。唯有透過教育，培養學生性別意識與多元性別觀點，建立對自己經驗之反省能力，增加對學校體制中之性別預設及運作機制之敏感度及洞察力，青年學子才能在日常生活實踐及面對相關議題時，覺知自己所處社會位置及立場，增加對不同經驗及價值之理解、尊重與關懷，真正落實對於民主、平等、自由的現代社會。 
  
我們都反對性別偏見、性別歧視，更不可以忘記葉永鋕案，顯示當代校園對具女性化傾向之男學生充滿敵意，不僅嚴重損及其學習權，甚至危害了更基本之人身安全及生命權。性別平等教育的意涵，不光只是認識性別，更在於打造性別平等之學習環境。我們認為學校應該要致力打造指友善的校園環境，使各種性別及性別傾向之學生，皆得以自由而充分地學習與發展自我。學校應正視性傾向之多元性，給予異性戀、同性戀等不同性傾向平等對待，並尊重學生及教職員工之選擇。 
  
我們堅定地要求蔡英文政府與教育部不能背離人權的理念與價值、且應持續肯認同志教育就是性別平等教育不可或缺的一環。同時政府也應堅定依據《性別平等教育法》及《性別平等教育法施行細則》持續推動多元的性別平等教育！","依據2014年「消除對婦女一切形式歧視公約(CEDAW)中華民國(臺灣)第 2 次國家報告審查委員會總結意見與建議」第22點，如《公民與政治權利國際公約》及《經濟社會文化權利國際公約》 審查國際獨立專家團所建議的，審查委員會關切所有層級之性傾向及性別認同教材的發展缺乏進展。審查委員會也關切到，沒有定期的監 督及檢視系統，來確保現存的性別平等指標及教材審查準則是符合 CEDAW 及性別平等教育法的規定。  
審查委員會建議政府:  
 
 諮詢政府、學術、公民社會團體中的性別平等專家及 LBTI 社群 意見，在所有層級上，制定更多有具有性別多元意識的運動及教材;  
 確保教師、教授、教練、學校行政人員及性別平等教育委員會成 員接受上述教材之定期及適當的訓練;  
 確保學校落實性別平等教育法，要求學校針對基於性傾向及性別認同而被邊緣化或被歧視的學生採取具目標的措施以保護並促進其權利;和  
 建立定期全面檢視與監督機制，以驗證性別平等教育指標及教材審查準則性之有效執行以及具影響性。  
 
唯有政府持續並堅持推動性別平等教育，才能落實並實踐對於基本人權保障的要求。",7419,5000,2016-12-15 23:09:57,372,0,無,Teng-hao Chang
6503,2018-12-06 20:06:14,https://join.gov.tw/idea/detail/c1927aff-26ea-4bff-a67a-1dd4faacf63f,殺害16歲以下直系子親、繼親者， 處死刑或無期徒刑,"近年來虐兒事件頻傳， 
卻屢屢輕判。 
刑法 第272條 
殺害自己直系尊親，例如：父母、祖父母，處死刑或無期徒刑。 
那為何殺害自己小孩卻如此輕判？！ 
 故建議增修法案 
「殺害16歲以下直系子親、繼親者， 
處死刑或無期徒刑」 
以達法律之嚇阻力量。","近年來虐童虐嬰事件頻傳， 
且施暴者大多為親生父母或其同居人、再婚對象。 
 ",7370,5000,2018-12-06 20:14:14,1528,0,無,陳莎拉
890,2016-12-07 20:03:56,https://join.gov.tw/idea/detail/78d8ca4b-64e8-4c43-bf32-4563b07cfd06,不得強迫學生接受同志教育,"修改性平教育法施行細則第十三條：「本法第十七條第二項所定性別平等教育相關課程，應涵蓋情感教育、性教育、同志教育等課程，以提昇學生之性別平等意識。」 
為「本法第十七條第二項所定性別平等教育相關課程，應涵蓋情感教育、性教育等課程，以提昇學生之性別平等意識。但接受性教育課程須經家長書面同意方得教授。另同志教育須採自由參加，不得強迫參加。」 
  
 ","一、母法沒有同志教育，施行細則亦不應該硬性規定，而應採取自由參加。 
二、舊法沒有讓家長有監督權，宜增加家長監督部分。 
  
不應由教育部主導學生性教育，宜修法 
http://epaper.edu.tw/news.aspx?news_sn=51679 
  
 家長不同意讓學生看青春水漾，宜加入家長監督權 
http://www.ettoday.net/news/20131025/286749.htm 
  
  
 ",7325,5000,2016-12-07 20:04:14,481,0,無,趙曉音
10426,2021-01-17 20:53:53,https://join.gov.tw/idea/detail/edd687f1-3c28-4e43-990b-f8b20a10e377,記者會記者提問實名制,"近來由於行政機關為了提高重大政策或突發議題的溝通之即時性與有效性，常利用舉辦線上直播或是公開記者會方式說明，並由各媒體參與提問以闡明政策及進一步了解大眾關心焦點。 
  
但許多記者素質參差不齊，雖然享有一般民眾無法擁有的可以直接向行政首長提問的權利，卻因為其本身的知識不足或是對議題完全沒有事先研究，常常浪費寶貴的發問時間，不僅無法代表人民行使第四權監督針貶政府，甚而進一步的誤導閱聽大眾給與錯誤的認知。如為一般平面報章雜誌，報導皆多有掛名可供閱聽人審酌信用度，同時也知道是出自何媒體。但現場記者會大多只聽到提問與相關部會首長回答，並不知道提問來源為何。 
  
因而在此提議，政府應規範日後所有公務機關的公開記者會，如有開放媒體提問，在提問之前，發問的記者都必需先加上類似「我是XXX，代表O媒體提問…」之類的說明，以供閱聽人參考。","由於公開記者會並不像深入報導或是調查報告有時有其機密性，參加人員及現場討論資料一切皆為公開的資訊，因此並無個資侵犯之虞。而記者在享有較一般民眾更高的特別言論免責權同時，也應有更高的責任，國外正式記者會也大多在提問時會一併提示自己名字及所代表媒體。 
  
提問時清楚表達出記者自己姓名及所代表媒體也可進一步讓記者及其所屬媒體對自己採訪前更用心多加準備內容，從而可以進一步提高台灣的新聞水準，而不是在現場仗著收看直播的閱聽人並不知道提問人是哪家媒體而亂問一通，或是用錯誤資訊提問錯誤的問題浪費寶貴資源，導致擠壓到真正有用心準備的媒體及記者可以提問的時間。",7301,5000,2021-01-17 20:55:34,395,0,無,Calvin
760,2016-11-17 11:22:35,https://join.gov.tw/idea/detail/5dd503e5-44d8-4fe6-aac3-ecd86b3b5a06,重新檢討宗教團體免稅及從事公益慈善活動相關規定，落實宗教自由。,"
 人民有集會結社及信仰宗教之自由，而目前現行規定，人民得申請組成宗教團體，並享有所得稅法、營業稅法、房地稅法、遺產及贈與稅法、交易稅法等相關若干優惠稅務減免。近年有若干宗教團體藉由宗教活動名義進行財產購置以及政治活動，而脫離宗教團體的設立宗旨，規避對不特定大眾募款應經由公益勸募條例相關規範申請後經許可為之。本案非主張宗教團體即有規避法律進行募款、募資或假借宗教暗自為政治服務之實，而是主張台灣國內對宗教團體之規範，顯有闕漏不足。
 

  
 

 本案建議如下4點：
 

  
 1. 針對宗教團體從事政治活動，進行嚴格的規範。
 

  
 

 理由：憲法雖規範宗教自由為人民之基本權利，然宗教自由之實踐，為人民之消極自由，屬於抵抗外力干涉的權力，自不得以宗教教義為由干涉或侵害他人基本權利與實質利益。
 

  
 
 
 
  2. 宗教團體財務需強制進行第三方財稅簽證，以利公開責信，對捐贈人及社會大眾負責。
  
 
   
  
 
  理由：宗教團體財務狀況，除經手之內部承辦人員及理（董）監事等外，其餘公開資訊不足，對於是否有經費未依規定濫用、挪用或違反組織章程內設立目的等狀況皆不易查明，因此建議經由第三方財稅專業人員查證並連帶負責。
  
 
   
  
  
  
   3. 限制宗教團體直接進行公益慈善、文化教育及社會福利等事業，應另成立公益社團法人或社會慈善財團法人基金會等社團組織，交各專責主管機關監督。
   
  
    
   
  
   理由：宗教團體雖為非營利組織，然基於政教分離、宗教自由、宗教寬容、社會福利工作具有高度專業性等考量，皆不宜由宗教團體直接從事上述公益慈善活動，且宗教團體往往有經由上述活動影響甚或侵害他人基本權利之虞。因此建議宗教團體應另委託具有專業背景之社會福利機構、組織或人員，並以合法信託單位作為第三方稽核單位，以杜絕以教義對專業公益慈善活動進行干涉。又對於其教義傳播與實踐，宗教團體應另成立宗教教育學院或其他類似機構，並限制僅得辦理有關其宗教教育活動相關業務。
   
  
    
   
  
   4. 取消宗教團體免稅規定，除捐贈、信託辦理公益團體之相關支出外，其餘所得及孳息應直接扣稅，並以加重稅率計算。
   
  
    
   
  
   理由：宗教團體所獲得社會資源對國家無實質幫助，且對其他社會福利慈善機構之資源募集、分配產生排擠效應，而政府往往仍須經由各項基礎建設、資源投入維護宗教團體及其會員之宗教與集會結社自由。因此政府應經由加重對其課稅，以免宗教團體未課稅又搭便車使用公共資源。
   
  
","  
1. 宗教團體所得金錢與財產，可直接委託或信託投入公益慈善活動；或者可直接課以一定比例稅金，增加國家稅收並進行財富重分配。 
2. 減少宗教團體藉由龐大資源投入公益慈善活動宣傳教義，而干涉或侵害他人信仰與生活之基本權利。並讓各人民團體或組織之運作回歸組織章程、專業理性及業務發展需要。 
3. 減少宗教團體不當募集資金並從事政治活動的可能性，落實政教分離原則，實踐宗教寬容，維護多元民主的社會。",7231,5000,2016-11-17 11:25:19,513,0,無,Yi-Fan Feng
299,2016-09-18 01:31:53,https://join.gov.tw/idea/detail/9979d780-da30-40ee-9114-252c5edc4402,同性婚姻合法化,"結婚本應是人人享有的權利
卻因為這是個異性戀霸權的社會，而否定了少數族群的權利
在19世紀的歐美街頭，隨處可以看見黑人被奴役著
在當時人們認為理所當然，如今我們看來卻是荒謬至極、踐踏人權
但是不要忘了，歷史正在寫下新的一頁
現在我們回頭審視200年前的暴行 就如同200年後我們的子孫看待我們一般
這個社會亟需下一個林肯的出現
到目前為止世界上約有20個國家承認同性婚姻
沒錯，僅有20個
但這個數字只會越來多，不會越來越少，這是無可否認的事實
難道台灣要成為最後一個嗎?
其實並不期待反對者看完這些能改變什麼想法
但是如果你有20分鐘的時間，請務必看完本文所附的影片，這是一部震撼人心的微電影
如同影片一般，可能有天你發現身邊最摯愛的人原來是同性戀，或許是你的孩子，或許是生死相許的好友
到那一天，你會發現無法再假裝這個世界沒有同性戀、並且正視他們的需求
(影片取自https://www.youtube.com/watch?v=k7UIB4S6tsU)",促進人權平等,7096,5000,2016-09-18 01:32:04,853,0,無,可可
13243,2021-12-08 00:29:19,https://join.gov.tw/idea/detail/eb7440a1-332a-4b91-9e3c-5199f840c5f0,恢復《交通管理處罰條例》民眾得舉發所有靜態違規,"現行《交通管理處罰條例》第 7-1 條明定，民眾得敘明交通違規事實或檢具違規證據資料，向公路主管或警察機關檢舉。 
對於靜態違規事項，民眾檢附違規事實影像應能讓公路主管或警察機關依影像內容作事實判斷，以畫面事實來判定是否違規，若無違規事實或證據模糊，應由處理機關逕予駁回即可。 
限縮民眾可檢舉事項並不能有效降低案件數量，民眾反而轉往利用 110 報案專線來舉發違規，如此將會造成緊急報案專線遭到占用，並讓基層員警疲於奔命違規現場。且若遇不願配合之違規民眾，更是浪費時間與警力，衍伸不必要的警民衝突。"," 
 減少基層警力浪費：警察機關應以維護地區治安、交通順暢為主，並及時處理各類緊急狀況，而非一直往返交通違規現場。 
 讓違規者能夠有所警惕：大部分的違規駕駛皆以心存僥倖心態而作出違規行為，若少了民眾的熱心舉發，違規者將無法得到警惕，而肆無忌憚繼續其違規行為，反正員警到場再離開就好。 
 避免不必要之警民衝突：部分駕駛見警方到場會央求不要對其違規行為開罰，或與員警爭執其違規行為，而大部分交通違規為派出所 1-2 名員警處理，若衍伸衝突還需增派支援警力，浪費警察機關資源及成本。 
 無法有效降低案件數量：制定處罰條例即是規範不同的違規事項，會有相對應的罰則，既然已有明確違規事實，限縮民眾的檢舉範圍，並不能有效地降低案件數量，反而導致違規行為無法及時處理或民眾轉而透過報案的方式向降警方檢舉，浪費更多人力處理交通違規。 
 避免報案專線遭到占用：交通部統計 2020 年民眾舉發交通違規已達近 600 萬件，若限制民眾檢舉事項，反而導致多數民眾轉而向 110 報案專線檢舉，然而警察局勤務中心接線人力有限，若於尖峰時刻將可能導致其它更重要需要及時處理之案件無法受理，使警察機關喪失第一時間處理重要案件的機會。 
",7083,5000,2021-12-08 00:32:00,109,0,無,Dawn TW
5138,2018-03-15 23:12:14,https://join.gov.tw/idea/detail/d4834778-78aa-4328-b2a0-bcf517880e1c,請支持立法強制托嬰中心及幼稚園等設立線上監視系統,"台灣的虐嬰事件層出不窮 
只靠保姆證照去檢視是否能擔任保母一職根本不夠 
保母執照只能證明擁有照護孩子的基本常識 
卻不能證明這個人對孩子是否有足夠的耐心以及適當的管教方式 
那麼多牙牙學語的孩子都還不會說話 
卻被毆打 被傷害 
身為父母卻只能在孩子受傷之後才能知道我的孩子被打了 
請支持立法強制托嬰中心及幼稚園等育兒環境設立線上監視系統 
讓父母親在外打拼也一樣的照護到孩子","虐嬰事件這麼頻繁 
誰還敢將孩子送到托嬰中心及幼稚園給別人照顧 
為了上班而無法在家帶孩子的父母親 
難道就要開開心心的送孩子出門 回來的卻是一個被別人打到受傷的孩子嗎？ 
自己的孩子在家是寶 出去卻變成了別人的出氣工具 
輕則瘀青 重則傷殘死亡 
請支持立法強制托嬰中心及幼稚園設立線上監視系統 
讓這些惡質保母無所遁形 
父母也能更安心的上班",7041,5000,2018-03-15 23:13:36,317,0,無,賈賀
4735,2018-01-22 13:35:30,https://join.gov.tw/idea/detail/870c122f-8b6f-4376-b20f-8b610f441c60,"反對衛服部放寬「捐血者健康標準」,曾有「男男」間的同性性行為者，終生不得捐血!或以「甲血甲用」為原則","按現行「捐血者健康標準」規定,有過「男男」間的同性性行為者，終生不得捐血之規定係因男男性行為為危險性行為,其所造成愛滋病之可能性大於其他正常性伴侶與性行為之可能,因此為保護被捐血者能在合理的期待其接受捐血後能夠擁有健康之身心狀態! 
故:本人建議1.政府應堅決拒絕曾有男男性行為者捐血! 
                2.若政府仍執意開放,應以「甲血甲用」為標準,亦即同性性行為者所捐出之血液應加以區分,其僅可供給給予同性性行為者,除非一般正常性向者同意外,醫療單位不得自行予以使用,應該給予使用與否之選擇權,以保護多數人類之身心! 
                3.有鑑於愛滋病仍為醫學上難治之重症並具有傳染效果,且為保護全體人類之存亡,若於捐血前檢驗出愛滋病,捐血單位應提報政府機關或醫療院所將該病患加以管制或予以適當之限制其人身自由,以避免其傳染予他人 
 ","1.可避免政府愛滋病防疫失控 
2.確保被輸血者之身心狀況可受保護 
3.可避免檢驗空窗期造成的輸血人心不安 
4.最不得已的「甲血甲用」仍可給予同性戀者輸血的空間,但也同時保護一般正常性向者 
5給予被輸血者是否願意接受男男性行為者同意權,讓所有人可以對自己的生命負責",6880,5000,2018-01-22 13:35:56,142,93,無,林志明
11770,2021-06-07 02:16:32,https://join.gov.tw/idea/detail/2a72da63-24c5-417d-9000-711f06688967,反「我國應禁止餵食流浪動物」之提議,"1該提議違反人道精神和違反人性本善之常理 
2棄養和結紮才是源頭而非餵養 
3流浪貓狗並非原生種，需要人們的餵食 
4禁止餵養，讓流浪貓狗更去找尋野生動物覓食，反而更破壞生態，滋生更多問題 
5身為人類應本著救助落難動物的良善精神，而非冷眼見其餓死 
6除非政府可以有廣闊空間全部收納流浪動物，否則只能原地回放並由愛心人士幫忙餵食，這在世界各國也有例子如土耳其、泰國等 
7乾淨餵食 
8若有為人類生活帶來不良影響的流浪動物（如追車）可有支援帶回馴管的機制和人員 
9希望政府有機制可以幫忙餵養流浪動物也不錯"," 
 鼓吹節育和推廣認養及不棄養才是解決流浪動物的問題，而非反對飼養之缺乏人性之提議 
 建立動物和人類和平共存的友愛地球村 
",6869,5000,2021-06-07 02:37:05,341,0,無,V匿名
2557,2017-10-20 19:01:58,https://join.gov.tw/idea/detail/af252fbc-de18-49e3-9c37-30362f680dee,下一次基本工資調漲為新台幣3萬元且往後需隨物價指數調漲,"台灣低薪問題嚴重已造成過大國安問題，但往年基本工資的調漲還是無法解決台灣低薪問題，故在此提出下一次基本工資調漲為新台幣3萬元且往後需隨物價指數調漲。由於低薪問題也間接造成台灣少子問題產生(因為薪水少，人民不敢生育)且105年主計處統計資料顯示台灣平均每人GDP為22540美元，但台灣民眾卻沒有如此的薪資待遇，可見其勞動成果已被剝削。故基本工資調漲為新台幣3萬元已屬合理甚至還過少(在新台幣兌美元1:30為計算 : 22540*30=676200 676200元除以12個月，即56350元)且日後基本工資調漲幅度不隨往後物價指數調漲則將薪資將會被通膨所抵消 
 ","1.基本工資調漲至30K的好處： 
一.增加稅收 
二.勞工薪資增加消費力才會變好(內需增加) 
三.勞工日後的勞保領的也會變多且可延後勞保的破產日期 
四.領基本工資是通常都是經濟或社會弱勢 
五.國外企業用挖角成本變高可以減少人才外流的問題六.基本工資的調漲是會帶來薪資板塊的移動：2.基本工資調漲若不隨物價指數調漲，則人民的購買率將被通貨膨脹所抵銷，這樣會造成國內內需的減少",6849,5000,2017-10-20 19:02:12,610,0,無, miss water面膜的蟹老闆
2333,2017-09-15 02:12:23,https://join.gov.tw/idea/detail/a566851f-55a0-4e7a-ac81-8968845bf867,【還我七天假】行政院立即提案《國定假日法》，將國定假日恢復19天。,"　 
【引言】 
工鬥與各地團體歷經一年「拒砍七天假」抗爭，從國民黨執政時期至蔡英文政府正式執政，兩黨拉攏資方欲刪除國定假日，最終105年12月6日，由民進黨透過過半立委的優勢決議刪除七天假，七天假的鬥爭告一段落；然而過程中民進黨黨團主導推出「一例一休」政策，包裝以週休二日的美名。同年12月21日，頒布勞動基準法新制實施。 
一例一休制度上路，至今已施行超過半年，然而即便從106年7月1日起，勞動部宣布新制輔導期結束，依照規劃將針對新制修改的條文開啟勞動檢查，但是面臨到的卻是各縣市政府要求延緩裁罰，甚至南投縣、台南市強烈主張不開罰。新制是否被徹底落實，成為一個難以被檢驗的難題，也因此各界對於一例一休制度反應兩極，且在資方團體的壓力下，民進黨立院黨團內部開始傳出再修法的聲音。 
回顧工時鬥爭的歷史，蔡英文於2016年1月4日允諾工鬥團體：「若會損害勞工權益，絕不砍七天假。」然而，歷經2016一整年勞工團體訴求拒砍七天假，最後七天假仍被刪除。如今林全院長換為賴清德院長新上任，行政院若要大破大立，則該立即提案《國定假日法》，回歸執政初衷，還勞工630億！ 
　 
【訴求】 
還我七天假，立即提案《國定假日法》，修訂至少19天國定假日。 
  
 ","一例一休是資方慣性違法的應驗 
 新制造成產業哀鴻遍野，其實恰恰反映了台灣長期在工時制度的實務層面，與真正的法治規定擁有極大落差。一例一休通過之後，旅遊業、觀光業、甚至部分地方的紡織廠，都開始實施七休一，光是這些案例就有其弔詭之處，為什麼民國84年就有七休一規定的勞基法，到了106年才被落實並且成為大家抱怨的焦點？因此所謂「排班受限、人事成本提高」可能確有其事，但這個因果應建立在長久違法導致陣痛，而非所謂新制造成的困擾。 
同時，一例一休更明確反應出，台灣勞工二十年薪資停滯、低薪過勞的問題。勞動條件過度嚴苛，使得「加班」成為台灣勞工在工作中的例行公事，因此能否加班、能否領加班費就成為部分勞工最在意的議題。然而新制上路後，資方窮盡手段規避加班費的現象，讓低薪的工人產生了所得降低的狀況，引發基層民眾對於新制的怨懟。實際上最核心的問題，是台灣勞資關係長期不對等，勞方被迫接受以血汗換取生活，並且資方透過壓榨勞工，對勞動基準法做出全面性的反撲。  
的確，106年以來，資方團體影響勞動部，制定出許多工時彈性化的函釋，包含汽車貨運業納入八周變形工時、瓦斯零售業納入四周變形工時、闈場人員適用84-1責任制等。一般企業則是被允許透過加班換休的方式，以1換1的方式，偷偷換掉休息日或延長工時相對優渥的工資。一例一休做為藉口，資方操作了其正當性要到了更多操控勞動條件的籌碼。工業總會在賴清德接任行政院長當天，秘書長蔡練生要求「勞基法打掉重練」的言論，就是資方105年至今對工時鬥爭的總結。 
  
告別過勞之島　增訂國定假日 
以勞方立場來說，經濟合作暨發展組織（OECD）統計，台灣2016年年總工時為2134.8，名列世界前三，被國際稱為過勞之島。民國89年雙週84工時修法通過，當時就為勞方訴求的單周40工時，遲滯105年才真正實施。然而要降低單周工時的代價，竟是取消國定假日七天，以節省資方630億的支出。政府為了假意表現照顧勞方，急急推出爭議極大的一例一休新制。工時真的降低了嗎？就主計處統計資料來看，106年度，上半年加班費提升約8%，對比105年、106年的上半年度，工時平均下降2%；反觀105年9月恢復七天假後，工時降幅較高，為7%左右。一例一休有其對部分勞工之助益（休息日出勤法定工資提高），但對於工時下降的貢獻明顯不足。 
日本2014年增定「山之日」為國定假日，歐洲國家年休／特休，以滿三年作為比較，至少大幅領先台灣將近10天以上。增加勞工的國定假日、年休已是鄰近國家以及歐洲國家的趨勢，台灣卻在2016年底，民進黨政府手中刪除了七天假。綜觀105年七天假恢復期間，至106年新制上路之比對，七天國定假日的恢復對現行勞工之勞動環境而言，無疑是降低工時最佳的方式。政府過去以國定假日不該以「細則」定之、全國不一致之說蠻橫砍假，如今制定內政部層級的國定假日法，就無以上推託之詞可用。",6801,5000,2017-09-15 02:14:06,286,0,無,工鬥
1615,2017-05-06 15:48:56,https://join.gov.tw/idea/detail/bcf560f1-368e-409e-b4c2-d51d83b97565,車輛改裝合法性事宜,"車輛改裝是民眾熱切討論話題。車廠出售之市售車輛，因有成本考量，因此有些配備會無法滿足民眾使用需求(如:煞車卡鉗影響煞車力道、機車煞車拉桿無法適合每個使用者手常卻無法調節.....等等。)而世界各國皆有明定改裝法規，讓民眾能在合乎法律規範之下使車輛之性能外觀能更加貼近自身需求。 
1.台灣在相關法規之上，沒有明確規範希望能盡快修訂相關法條。法律上沒有禁止改裝布品的販售與購買，因此市面有許多的車輛改裝部品再販售，民眾購買後改裝卻是違法。如此實為本末倒置，不但沒有良好的規範效果，在政府做相關攔檢時爺沒有良好效率與標準做判斷。 
日本在相關法律上與實施上早已行之有年，政府能加以學習，以利有效率之規範合法之改裝與改裝部品之生產。 
如 : 規範改裝部品必須符合國壓環保與車輛行駛安全標下，方能合法生產販售。政府發與產品合法標章或條碼，以利民眾購買時能加以辨識是否為合法之改裝部品。如此既能鼓勵相關產又蓬勃發展又有一政府管理，時為兩全其美之方案。 
希望相關單位盡速擬定規範改裝部品之生產販售是否合乎國家環保與車輛安全標準之法規，並只讓合乎相關規定與通過國家檢驗得到合法認證之改裝部品能販售，並使民眾購買合法之改裝部品，以利全國人民能依據規範購買且能安裝合法安全的產品。 
2.台灣最近嚴格取締改造車輛。但攔檢人員沒有足夠專業知識與未有足夠資料查詢民眾車輛是否有違法改裝。有些進口車型，在進口檢驗合格，但卻會被攔檢人員因個人感覺評斷開單。攔檢人員只說:我不知道有沒有改裝，先開單再說。如此擾民且不專業的判斷，使民眾無所適從。應重新檢討人員教育訓練，與增加人員專業知識，不然實為社會與國際笑柄，與失去政府執法公信力。 
  
  
 ","世界各國之改裝連建商機非常巨大，世界各大改裝廠也都在車展之中秀出自身改裝設計實力。明確法條能使台灣本就有深厚實力的改裝產業，能在法律規範之下蓬勃發展，實質增加國家產業豐競爭力，使本土改裝廠商能有更好的發展空間，在國際舞台大放光彩。 
民眾只安裝合乎法律規定之改裝部品，稽查人員在攔檢時也更加容易判斷是否為合法改裝，使執法單位更具公信力，減少錯誤判斷與擾民的事件發生。 
 ",6762,5000,2017-05-06 15:52:40,412,0,無,鐵釘
2473,2017-10-16 17:29:42,https://join.gov.tw/idea/detail/a4999f3a-22f2-452b-bd31-5309634f7d92,規定全國寵物店只允許販賣收容動物,美國加州已經立法規定全州的寵物店只能提供收容所救援的動物，不得販售或提供慘忍的寵物養殖場所生產的動物，台灣的非法養殖場更是猖獗，貓狗被切斷聲帶，關在狹小的籠子裡變成生育的工具，等到過了生育年齡，又被丟棄在路邊，因為長期不間斷生產而骨質疏鬆，毫無人道,一個國家會不會對他的國民好，就看他怎麼對待動物，動物權是進步國家的象徵，而且台灣已經通過零撲殺的法律，全國各地的寵物店可以作為收容所與消費者之間的通路，寵物店可以將收容動物洗澡、美容、除蟲，這些成本加上必要的利潤作為販賣收容動物的合理售價，這才是雙贏策略,6673,5000,2017-10-16 17:29:52,290,0,無,Yohan Ting
2345,2017-09-18 00:32:00,https://join.gov.tw/idea/detail/b43217a9-768c-4bc2-bc42-c50fc3bc8e25,建議刪除性別平等教育法第三章條文內容," 
性別平等教育在台灣已進行了十幾年了，如果沒有問題家長們就不會出來向教育單位一再地陳情抗爭，在校園性侵害通報也不見減少，反而逐年攀升受害者大多集中於12-16歲學生比例居多(參考網頁: http://depart.moe.edu.tw/ed4500/cp.aspx?n=0A95D1021CCA80AE   )，而愛滋病例提報學生族群除逐年增加外，年齡層也逐漸下探趨勢(參考網頁: http://www.cdc.gov.tw/list.aspx?treeid=1f07e8862ba550cf&nowtreeid=6c5ea6d932836f74    )，同樣地未成年懷孕比例也不斷攀升中，對於這樣的教育成果是否有其存在的意義和價值，性別平等教育法第三章條文內容如下: 
第 三 章 課程、教材與教學 
第 17 條                   
學校之課程設置及活動設計，應鼓勵學生發揮潛能，不得因性別而有差別待遇。 
國民中小學除應將性別平等教育融入課程外，每學期應實施性別平等教育相關課程或活動至少四小時。 
高級中等學校及專科學校五年制前三年應將性別平等教育融入課程。 
大專校院應廣開性別研究相關課程。 
學校應發展符合性別平等之課程規劃與評量方式。 
第 18 條                   
學校教材之編寫、審查及選用，應符合性別平等教育原則；教材內容應平衡反映不同性別之歷史貢獻及生活經驗，並呈現多元之性別觀點。 
第 19 條                   
教師使用教材及從事教育活動時，應具備性別平等意識，破除性別刻板印象，避免性別偏見及性別歧視。 
教師應鼓勵學生修習非傳統性別之學科領域。 
     看了以上條文內容，這也難怪會成為某些特定人士及團體可在性平課綱中大做文章的依據，也顯見教育部及各級團體性評委員和課審委員，都未盡督審之職責，而讓這人士允許允求，有鑒於此本人曾在去年提出，高中小學教學課綱編寫委員會內除專任學者教授及教師外，另須納入五或七人各學級家長擔任編審委員之提案(提案內容:  https://join.gov.tw/idea/detail/33ff4818-d6c8-4131-883e-6b866d5537de   )，教育部相關單位答覆也是虛應了事未見相關具體作為，才又發生教材出版商仍出現不當的性平課綱內容，引起家長及民代的不滿及抗議，為了給予學生們一個健康純淨的學習內容，建請教育部與相關立法機構及單位研擬刪除性別平等教育法第三章之條文，以正視聽。 
  
 ","1.還給校園一個健康純淨的學習環境。 
2.避免學生因不當性平課程，影響身心靈的發展。 
3.預防及消弭校園性侵害及性騷擾事件發生。 
4.可讓學生家長安心、放心讓孩子在校學習。 
  
 ",6663,5000,2017-09-18 00:33:04,172,0,無,yung
9449,2020-10-10 14:51:40,https://join.gov.tw/idea/detail/e211d758-64e1-4c6f-9d99-70f526b1f376,廢止《公寓大廈管理條例》第23條允許社區另訂規約「禁止住戶飼養動物」之規定。,"  
廢止《公寓大廈管理條例》第23條允許社區另訂規約「禁止住戶飼養動物」之規定，另加強飼主的權利義務之規定，如:不得於公共區域大小便溺、不得飼養具高度攻擊性、不得影響社區安寧..等。 
  
 ","原因1: 
現行《公寓大廈管理條例》第23條，允許社區另訂規約「禁止住戶飼養寵物」，對於已飼有毛小孩之飼主，僅能選擇搬家或是送養。 
原因2:飼主若有辦法做到不妨礙公共衛生、公共安寧及公共安全，理應無必要全面禁養，一昧禁養是不負責任及逃避的做法，無法根本解決問題，僅造成對飼主的歧視及寵物被棄養，與現行社會對動物權益保護之價值觀完全不符。 
原因3:養寵物住戶應主動明訂養寵物的權利義務，如:不得於公共區域大小便溺、不得飼養具高度攻擊性、不得影響社區安寧..等，做好敦親睦鄰，提升對於寵物飼養的正確觀念才是解決問題的根本之道。 
建議: 
廢止《公寓大廈管理條例》第23條允許社區另訂規約「禁止住戶飼養動物」之規定，另加強飼主的權利義務之規定，如:不得於公共區域大小便溺、不得飼養具高度攻擊性、不得影響社區安寧..等。 
  
甘地:「一個國家的道德水準，看它對動物的態度便可以知道」",6659,5000,2020-10-19 22:49:32,242,0,無,阿銘
1262,2017-03-06 10:42:16,https://join.gov.tw/idea/detail/c8e32d6c-0b02-4a34-89e3-bc3c50f67ed8,反對衛生福利部強推「中藥技術士」惡法，傷害民眾健康及中藥用藥安全,"衛福部規劃修正藥事法，讓取得中藥技術士資格者可經營中藥販賣業務，提供民眾藥膳食補需求及維護中藥用藥安全。於2017年2月10日公告藥事法部分條文修正草案。其中包含擬修改藥事法第28條中對中藥販賣業者之管理；新增「中藥技術士」，讓通過勞動部技術士技能檢定的中藥技術士，得經營中藥材、中藥製劑之批發、零售，甚至可提供改變劑型、調配丸散膏丹等藥事服務。 
  
衛生福利部強推「中藥技術士」惡法，全民應堅決反對！原因有三，陳述如下： 
  
一、藥物之批發、零售應由藥師負責管理 
1994年WHO即提出建議，應立法規範藥物之批發、零售由藥師負責管理，並說明藥師是藥事服務與藥事照護的主角。鄰國日本、韓國，甚至中國，也都於藥事相關法規中，明訂藥物販賣業之管理人或負責人必須是藥師。政府重視中藥販賣業者之管理，應提升其專業性，比照西藥販賣業者，由修習中藥課程達適當標準之藥師駐店管理。根據104年衛福部統計處資料，藥師駐店管理之中藥販賣業數量，從2005年到2015年由421家成長到991家，藥局登記兼營中藥調劑、零售業務的數量也在此時期從2339家成長到3654家，由此可見藥師對此職責的積極重視。且根據國家衛生研究院之研究，台灣每萬人藥師數14.2，遠高於WHO建議的4.1、OECD先進國家平均的7.6，藥事人力充裕。台灣不應開藥政管理的倒車，標新立異但緣木求魚的修法新增中藥技術士。 
  
二、技術士資格無法維護中藥用藥安全 
技術士是一種「職場技能」的檢定，由勞動部舉辦，單一級或丙級技術士僅需年滿15歲或國中畢業即可報考，經過測驗取得證照。此與醫療專業大相逕庭，醫療專業不是透過職場技能檢定可衡量的。醫療相關專業是透過學校教育、實習、國家證照考試、畢業後訓練計畫(PGY)、持續教育等，一連貫完整「教、考、訓、用」制度。透過層層把關，確保醫療人員的服務品質。1997年WHO、1998年FIP(世界藥學會)也都建議，藥事人員培訓應透過大學的藥學教育。當台灣藥學教育已開始由4年制轉為6年制，為國人提供更優質專業的藥事人員時，政府怎麼能大開後門，讓技術士資格可取得藥商經營權呢？這無非是對中藥用藥安全的漠視，更會大大提升了民眾使用藥物時，不良反應與交互作用的風險，將來恐怕成為全民用藥安全的不定時炸彈！ 
  
三、現有之市場環境已滿足民眾藥膳食補需求 
衛福部以滿足民眾日常中藥藥膳食補需求為由，那更不需要修法新增中藥技術士。因為過去已公告215種可供食品使用之中藥材，且未來可能還會逐步增加。現今大賣場、超市皆有販售藥膳常用藥材，如當歸、黃耆、紅棗、枸杞等，也有販售調配好的各種調理包供民眾選擇。如中藥販賣業者經營若以藥膳食補為主，那大可轉類為食品販賣業者即可。 
  
綜合上述，故建議不宜疊床架屋新增中藥技術士，並且刪除藥事法103條第2項至第5項為圖利特定人所設，且造成體系錯亂之規定。","一、依法行政，專業藥師把關全民用藥安全 
依藥事法，藥政管理架構，由修習中藥課程達適當標準之藥師駐店管理中藥販賣業者。民國71年行政院衛生署（衛福部前身）發布之行政命令，明確規定中藥課程之標準包含：中藥概論、本草學、中藥方劑學、中藥炮製、生藥學。近年來，藥學教育除此5大科16學分外，還有許多中藥相關課程，如中藥學、藥用植物學、中西藥交互作用等，在實習方面也加入中藥局課程，由執業藥師教導中藥材與中藥製劑的管理與臨床實務。除學校的藥學教育，藥師公會每年也固定舉辦中藥持續教育，教導執業藥師最新的中醫藥知識。由此完整「教、考、訓、用」培訓出的專業藥師才能把關全民不論中藥或西藥的用藥安全。 
  
二、整肅紊亂藥政體系，健全中藥藥事照護 
台灣食品藥物管理署之設立，起為仿照美國食品藥物監督管理局。負責確保食品、輔助食品、藥物、醫療器材及化粧品等的品質安全與有效性。然而食藥署成立之初即自我閹割，實際管理上的藥物卻不包含中藥，導致藥證核發上一國兩制，由食藥署與中醫藥司分別發證，產生市面上酒精濃度10%的藥酒，如保力達、維士比，屬於限藥局販售的指示藥，而酒精濃度超過20%的蔘茸藥酒卻在超商、量販店隨處可賣。台灣民眾用藥的複雜性、藥物取得的便利性，都是造成台灣洗腎率世界第一的主因。若又貿然增設中藥技術士，必是雪上加霜！ 
政府於監督管理上責無旁貸，依法由藥師駐店管理中藥販賣業者，不但能確保中藥販賣業者提供藥事服務的品質，當面對消費者諮詢時，更能給予完善藥事照護。這才是健全中藥藥事服務團隊的不二法門！ 
  
三、為發揚中醫藥產業，產官學研垂直整合 
傳統醫學之發展，需立足於科學之佐證。藥師是藥的專家，精通藥理作用與天然物分析，是最佳人選！國內外許多中草藥學者皆為藥師，中藥商舉辦的課程也多是聘請藥師背景的學者講授。若政府落實由藥師駐店管理中藥販賣業者，肯定更加能讓整體產業鏈串聯，將中醫藥產業發揚光大就指日可待了！ 
  
名詞解釋： 
中藥販賣業者：簡稱中藥商，如中藥行、蔘藥行、中藥批發商等。 
西藥販賣業者：簡稱西藥商，如康是美、屈臣氏、藥品公司等。 
中藥製劑：含中藥成分之製劑，如科學中藥、中成藥等。 
藥事服務：主要包括藥品的供應和藥學服務，如諮詢、衛教等。 
藥事照護：指藥師以增進患者生活質量為目標，提供與藥物有關之照護行為。",6625,5000,2017-03-06 10:43:11,347,0,無,Bhaiṣajyaguru
11850,2021-06-13 13:34:10,https://join.gov.tw/idea/detail/ee5dd8b8-bdeb-4d5e-8315-bb0601169d68,台灣線上遊戲轉蛋法推動,"【提議內容或建議事項】 
 
 世界各國已陸續推動轉蛋法的實施，但在台灣相關法案與執行成效並不顯著，希望台灣能完善虛擬抽獎相關法案，並要求國內各大遊戲廠商確實履行 
 國內目前相關法案以 政院公報 中第六點第四條「有提供付費購買之機會中獎商品或活動，其活動內容、獎項及中獎等資訊，並應記載「此為機會中獎商品，消費者購買或參與活動不代表即可獲得特定商品」等提示」但此法規並不符合轉蛋法精神，故台灣目前應尚未有轉蛋法相關法案 
 
【佐證資料】 
 
 立院相關公告：手遊轉蛋中獎資訊不明 立委籲加速規範 
 法務部相關公告：錢坑？！手機遊戲應公布轉蛋開箱機率 
 相關新聞：你花多少錢抽SSR？談日本「景品法」怎麼修法保障玩家 
 WIKI關於虛擬抽獎：虛擬抽獎 
"," 
 對於虛擬抽獎的批評包括遊戲的設計被大幅修改成威逼利誘玩家購買抽獎箱後才能令遊戲如以往沒有抽獎箱的遊戲般正常進行，例如過度地增加遊戲角色或虛擬物資升級所需的經驗值和時間，並且製造了沒有額外付款的玩家與購買了抽獎箱的玩家間的進度或能力懸殊，在真人對賽遊戲中俗稱為「花錢贏遊戲」（pay-to-win/P2W），特指無關玩家本身實力的勝負。與直接購買虛擬物品不同，因為抽得獎品純屬隨機而增加了玩家實際須要投資的金額以獲得心儀物品，這現象甚至會因為一些遊戲設計成獎品是屬於合成素材，而合成對象要求指定的素材及合成有機會失敗導致合成素材或合成服務費用損失而進一步降低玩家的投資效益。 
 學術界研究過主流遊戲的虛擬抽獎，發現近半數都以「變化比率增強」（variable ratio reinforcement）的模式運作，即是說遊戲會以變幻莫測的週期讓玩家從抽獎中贏得稀有獎品而墮入強制循環的慣性中，而不少抽獎都會加入對結果沒有影響的互動元素令玩家以為抽獎過程需要運用個人技巧，加上沉沒成本心理作祟令在抽獎中輸掉越多金錢的玩家反而更加倍投入金錢以期望最終翻盤，這些都是傳統賭場的老虎機誘使賭客繼續下注的策略，因此有意見認為這是讓未成年人士親身體驗博彩的途徑而從小培養起賭癮，影響他們早期的心智健康，其中英國博彩委員會指斥虛擬抽獎的氾濫盛行是該國2018年沉迷賭博的未成年人士創新高的一個成因。 
 有些遊戲廠商會在玩家第一次抽獎時系統調高本應是非常稀有的獎品的概率到近乎是必得的程度，但當玩家繼續進行遊戲而關卡的難度逐漸提升，再付費抽取通關所需的稀有獎品的機率亦會被同時調低，利用玩家初期抽獎幸運的假象令他們產生僥倖心態而無法自拔地付費抽獎，也有廠商調低已經有付費抽獎習慣的玩家的中獎機率，但在虛擬抽獎不被法律定義為博彩的地區，這種操控機率的行為也就不受政府監管，消費者的利益亦得不到保障。 
",6560,5000,2021-06-13 22:14:46,378,0,無,paul
393,2016-09-29 00:37:21,https://join.gov.tw/idea/detail/f695633d-073d-4bef-869c-7f4446a9dea8,目前臺灣高中生普遍睡眠不足，高中生上學時間應延遲,"相信很多人都有過「不願起床上課」的經歷，學校及老師往往認為，學生太過夜睡才會睡得不夠，只要多睡一點在早上便不會覺得疲倦。
可是，科學界關於青年睡眠習慣的研究，並不支持上述看法。
美國的國家睡眠基金會（National Sleep Foundation）的網站上有關於青年與睡眠的內容，清楚指出在青春期時我們的睡眠時間會推遲，以致年輕人在晚上11時前仍然清醒，實屬正常不過。而且青年需要每晚睡上8-10小時，但當中大部份人都沒有充足睡眠，影響學習能力、健康、情緒等。
兩年前，美國教育部部長Arne Duncan也曾在Twitter上呼籲︰「讓年輕人多睡些，遲一點才上學」。今年8月，期刊《Learning, Media and Technology》上的一篇文章（可免費於網上閱讀），檢視了過去30年關於青春期與睡眠的重要研究，引用Arne Duncan的呼籲並以科學支持。 ","在剛開始接受教育的年齡，這兩個時鐘相對同步，些少差異沒帶來太大影響。當年紀漸長，到高中青春期後期時，影響便會越發明顯。這個年紀的學生，睡覺與起床時間都同樣推遲，要求他們早上7時起床，就像要50歲的老師在4時半起床。
在現時的教育制度下，上學時間沒有按照年輕人的生理時鐘調整，長時間累積的睡眠不足，對學生健康有顯著傷害。
早睡早起＝有紀律？
不幸的是，教育界大部份人都沒有意識到上學時間過早的壞處，普遍相信學生疲倦是因為他們不願去睡、太懶而不想起床。而且很多老師都相信，處於青春期的學生在早上的學習表現最佳，假如他們早睡便能更加專注。
這個信念非常普遍，例如「早起的鳥兒有蟲吃」等諺語反映此「傳統智慧」，其背後的誤解在於，以為青少年需要被訓練早睡早起的「好習慣」。事實上，成年人需要了解年輕人在青春期時，睡眠規律會經歷重大轉變。
另外也有研究發現，部份人是所謂的「夜間動物」（文中用”evening type”一詞），在要求早起的教育制度中，是最受影響的一群。有研究顯示，他們的學術表現較差、需要使用更多提神的物質例如咖啡、汽水和尼古丁等，甚至可能增加精神及健康上的風險。
 ",6542,5000,2016-09-29 00:37:37,962,0,無,Thomas  Chen
296,2016-09-15 13:15:02,https://join.gov.tw/idea/detail/706be932-35a5-483e-8619-c3336cb1fbdf,"建議取消颱風""半天""假，一律統一全天假","颱風來襲，意外頻傳，誰也無法預知意外何時要發生
2016年9月14日 颱風莫蘭蒂橫掃台灣，造成東部、南部災情慘重
以台南市為例，台南市宣布因上午風雨未達到停班停課標準，但下午風雨已達標準
但市府根據資料依法宣布，下午停班停課，造成許多當地居民跟家長的困擾與安全危害
因此個人覺得如果當日(無論上午下午)，風雨有達到停班停課標準，理應放全日假
 ","影響
舉例1-上班族
因為早上去上班，而下午因為風雨過大，而遲遲無法回家，也造成受傷
資料來自於 東森新聞內文
 
舉例2-學生&家長
因為下午停班停課，造成許多家長接送小孩上下課的不便
尤其是一些騎機車接送的家長，風雨過大恐怕會造成交通事故跟傷害
 
利益
保障民眾的生命安全",6507,5000,2016-09-15 13:16:07,723,0,無,pear5456
11561,2021-05-25 22:44:39,https://join.gov.tw/idea/detail/2e75e2dc-b2b2-47db-852f-abd505fb00b6,2021紓困振興方案-教育產業不能再被忽視,"紓困方案應公平對待,不能忽視教育產業及相關從業人員 
【我們提出以下方案】一、【教育產業及從業人員應列為振興紓困之對象】： 政府一聲令下，全國補習教育、課後照顧、才藝教學及幼兒園， 均配合防疫停課不停班，造成產業之重大損失已是歷年未見， 建請教育主管機關教育部應依【 嚴重特殊傳染性肺炎防治及紓困振興特別修例】， 依法提出相關紓困、補貼、補償、振興措施方案， 且應包含短期與中長期計劃。 
二、【從業人員短期生活津貼、薪資應給予補助】： 停課期間勢必造成從業人員薪資的短收而影響生計， 建議依過往受疫情影響補貼旅遊觀光產業之方式， 補貼從業人員每月至多２萬元，並至少給予短期補肋３個月， 且對象範圍應包括由公司投保的從業人員、 職業工會投保的從業人員以及學校課後社團才藝老師。 
三、【相關教育產業短期損失補助建議】：停課不停班， 少了營收卻沒少掉支出，建議補貼內容應包含： 學生退費延伸相關行政費用、營業場所短期租金補貼、 自購產業貸款利息補貼及展延、勞健保公司負擔比例之短期補貼。 
四、【中長期復甦振興方案之建議】： 建議相關單位發行指定學習用途之教育券， 補助全國廣大學生之家庭，一來可減輕家長在教育上的經濟壓力， 二來可促進相關教育產業之發展。 
五、【建議將教育從業人員列為疫苗重要施打對象】： 因教學工作接觸廣大學子，政府在規劃復學復課的同時， 在疫苗充裕狀況下，應考量第一線教育工作人員， 以避免校園及補習、安親、才藝教學環境，因群聚而造成疫情擴散。 
*完整方案*請下載檔案","方案採【短期、中長期】依【對象】進行規劃 
我們預以有會以下效益:一、【短期】補貼從業人員及業者: 
1.避免勞資糾紛及衍生強迫員工休假或留職停薪之現象。 
2.避免眾多從業人員頓時失去收入,影響擴及家庭。 
3.避免補習班營運困難而引起的相關消費糾紛。 
二、【中長期】發放【教育券】:補貼家長，帶動整體教育消費 
1.減低家長經濟壓力。 
2.促進教育相關產業發展。 
3.增加工作機會，減少因為停課而失業的從業人員， 減少失業人口，降低失業造成的社問題。",6482,5000,2021-05-25 22:44:56,371,0,無,補教團體
9289,2020-09-18 15:44:57,https://join.gov.tw/idea/detail/1c3e0bdc-b1ce-4acb-afaf-9f2a74a191b7,全國中小學純素營養午餐,"吃素、環保，才能救地球！人民應選擇健康、環保的純素生活。 
為了我們的下一代，從「全國」中小學校的學童營養午餐開始，讓孩童可以選擇純素這樣慈善美好的生活方式。 
幸福快樂地「吃素、環保，來救地球」！",純素飲食有益健康，又環保，可以挽救地球！又可避免殺害善良無辜的動物！,6392,5000,2020-09-18 15:45:46,253,0,無,Ping
8023,2020-02-13 19:47:13,https://join.gov.tw/idea/detail/74d6a3e5-6556-480f-8fde-ada6ca472f88,廢除區間測速,"區間測速不僅不會嚇阻交通事故發生 
像182縣道以及北宜公路至從有了區間 
交通事故也比沒有減少反而造成交通堵塞",區間測速影響交通造成堵塞,6382,5000,2020-02-13 19:47:26,829,0,無,齊克
1883,2017-06-20 21:49:32,https://join.gov.tw/idea/detail/a7291dae-bba8-40d7-9c23-4371cccf483a,10元硬幣頭像，改鑄10元便當阿嬤莊朱玉女,"莊朱玉女生平/維基百科 
生平摘要 
莊朱玉女（1920年9月4日－2015年2月13日），本名朱玉女，澎湖縣白沙鄉吉貝村人，長年在高雄市公園陸橋下賣新臺幣10元價愛心自助餐。 
￼1951年，莊朱玉女見碼頭工人錢少事苦，便主動提供丈夫公司的碼頭倉庫給工人住宿，還準備餐點免費供應，後來因花費太大，才改為收新臺幣十元，但無限量吃到飽。原本她在駁二倉庫附近擺攤，後改到鹽埕區公園二路路口底公園陸橋旁，一賣就是半世紀。 
雖自助餐價錢十元，但菜色除大碗白飯、魚湯，還有炸魚、爌肉及蔬菜等兩三樣配菜，有些人生活困頓至身無分文，她就免費供應[2]。她每天都推著娃娃車上菜市場，買菜精挑細選，斤斤計較，但是菜販都曉得她做的是賠本生意，因此在價錢跟斤兩上通常共襄盛舉，有時也讓阿婆賒賒欠欠，當作一起做功德[3]。除飯菜外，她也賣菸酒給工人[4]。 
因總是賠本賣，莊朱玉女有空就撿回收賣錢補貼、撿木材當柴燒，事必躬親，幾乎全年無休，鄰居常看她累到推車途中都能打瞌睡 [2]。但還是入不敷出，前後賣了七棟房子還債，之後開設船運公司、旅行社的長子莊吉雄決定一肩扛下所有開支[5]，並受母親影響與啟示，在澎湖賑米、發放低收入戶慰問金和學生獎學金，租巴士方便離島學生上學[6]。 
當她善舉傳開，街友及附近窮人都跑來享用愛心自助餐，家屬不捨當時已近八十歲的莊朱玉女還在擺攤，她卻說：「如果我不去賣的話，那些工人怎麼辦？他們要去哪裡吃？」家屬只好妥協，要她從原本供應三餐，改為只做午餐[2]。 
莊朱玉女曾被許效舜主持的《在台灣的故事》和吳念真主持的《臺灣念真情》等節目分別採訪過[3]，當時許效舜採訪時涕淚交零的影片多年來仍被網友四處轉貼[5]。一位賣菜的男性告訴吳念真等人說：「阿婆曾經因為左眼白內障開刀，休息了一陣子，後來才又開始賣自助餐！阿婆休息的那陣子，每到中午，就有一堆人在她的餐廳附近不死心地徘徊張望。」菜販表示阿婆沒賣，也沒聽說有人餓死，就是阿婆自己擔心。[3] 
2000年起，莊朱玉女因輕微中風在家中住五年治療中風，雖痊癒，但因年事已大，不得已才停止賣飯[6]。 
2015年2月13日莊朱玉女於高雄市鹽埕區家中過世，來自各界的花籃和花圈擺滿整條街道。禮儀師告知記者說告別式的凌晨即有人前往捻香，有些陌生人在靈堂哭泣猶如痛失親人，從沒見過平民百姓的葬禮有這麼多人前往祭悼。直到出殯，禮儀社統計參加人數超過三千人。[6] 
長子向高雄市政府申請成立「莊朱玉女慈善會」，延續母親的為善精神[6]。 
姚文智、宋楚瑜都先後提議將十元硬幣鑄印莊朱玉女[7][8]。 
2017年3月27日 於故土 澎湖吉貝成立「莊朱玉女紀念園區」 
  
  
 ","1.彰顯10元便當阿嬤莊朱玉女的義舉 
2.樹立全民效法典範，推動互助共享社會 
3.透過貨幣的圖像，訴說感人故事 
4.讓莊朱玉女的愛，長久為國人延續銘記 
5.透過10元硬幣的註記，發揚她的精神 
6.透過柔性外交感動在台外國人， 
爭取台灣在國外友邦眼中的能見度，認可與支持 
 ",6354,5000,2017-06-20 21:58:41,402,108,無,歸谷
290,2016-09-13 13:38:28,https://join.gov.tw/idea/detail/e4f8eb77-c8a5-4b57-8447-c00c697540d2,修改《兵役法》中性別不平等之條文。國民服兵役之義務，不因生理性別有所不同。,"　　《兵役法》第1條規定：「中華民國男子依法皆有服兵役之義務。」明顯牴觸《憲法》第7條：「中華民國人民，無分男女、宗教、種族、階級、黨派，在法律上一律平等。」以及《憲法增修條文》第10條第8項：「國家應維護婦女之人格尊嚴，保障婦女之人身安全，消除性別歧視，促進兩性地位之實質平等。」所規定之性別平等原則。
　　雖然釋字490號曾以「鑒於男女生理上之差異及因此種差異所生之社會生活功能角色之不同」來解釋該法條並不違憲。然而並非所有女性的體格，都達不適服役標準。法律訂定的比例原則，應當按照個別國民的身體素質，來判斷個別國民是否可以免役。而所謂「社會生活功能角色之不同」，反而會被當作職場上剝奪女性工作權的理由。
　　現行的兵役制度，是讓一部份的國民，硬生生地被剝奪人生中數個月到數年的時間，只因為性別的原因。同時間其他同齡的國民，卻能享受更多自由並提早進入社會、累積人生資本。平白地增加部分國民的義務，又卸下部分國民的義務。這在法律上就是確確實實的兩性不平等。
　　《憲法》規定服兵役之義務，乃是基於全民國防的需要，而「全民國防」不應該是「男子國防」。即使現代國防的需求，或將改徵兵制為募兵制。但在完全實踐募兵制之前，若還有要求國民強制參與國防的需求，也應當將男子以外的國民納入徵兵。不應在法律上針對性別有所區分。",,6320,5000,2016-09-13 13:38:39,905,0,無,林學宇
681,2016-11-07 15:04:33,https://join.gov.tw/idea/detail/0794207b-ee73-47c8-880a-4d458173c531,性霸凌,修性平教育法「高、國中小以下教材不得有性探索、性別光譜、兒少性自主、多人性交、人獸交之課程」,"增加性平教育法第十八之一條 
「高、國中小以下教材不得有性探索、性別光譜、兒少性自主、同性戀、多人性交、人獸交之課程」 
及增訂36-2條，違反18-1條者，處罰款新台幣30-100萬元整。 
  
近年來，許多高、國中小的教材出現性別光譜、探索性行為，實在太過露骨，實在有立法限制之必要。",6317,5000,2016-11-07 15:05:56,450,0,無,李洙德
1834,2017-06-15 10:30:14,https://join.gov.tw/idea/detail/b8a5a69c-178d-42b4-8daf-0149cb42311e,修改性別平等教育法的『多元性別』為『兩性』,"性別平等教育，有其良善的立法精神。在第 1 條就寫明：為促進性別地位之實質平等，消除性別歧視，維護人格尊嚴，厚植並建立性別平等之教育資源與環境，特制定本法。但是到了第二條就出現爭議.. 
第 2 條性別平等教育：指以教育方式教導尊重『多元性別』差異，消除性別歧視，促進性別地位之實質平等。 
但是中華民國的憲法，對公民的性別定義、規範都只有男、女。男、女兩性別，也是憲法對性別唯一的認定。 
性別除了男女，哪來的第三種？..這裡的『多元性別』有違憲之虞，應修改成兩性。","尊重『多元性傾向』，但是『性別』只有男女。醫院的產房有嬰兒出生，醫生會告訴其父母『恭喜你生個男〈女〉孩』。 
嬰兒的生理性別，從他受精的那一刻就注定。他的DNA、染色體這些注定他的性別，分成兩種系統。 
但是嬰兒期、兒童期，孩子的性徵並沒有發育。所以常說孩子天真無邪...因為很多邪念，源自於性慾。 
當孩子進入學校讀書，進入青春期時，開始對性產生好奇，在這關鍵時刻，學校應該正確教育孩子對性要尊重與認知。 
但性別平等教育中的『多元性別』，卻將『性傾向』定位為性別，讓孩子在關鍵時刻的認知，卻迷失在自我性別認同。 
男生：陽剛、外向、暴躁、好動、邋遢、儒雅、害羞、內向、陰柔...這些人格特質是不一定的。但陰柔的還是男生，誰說一定是GAY？一定愛男生 
女生：文靜、優雅、內向、開朗、潔癖、好動、暴躁、叛逆、陽剛..也會有不同人格特質差異。但陽剛的還是女生，誰說一定同性戀？一定愛女生 
家長將孩子送到學校受教育，除了長知識，也希望培養出好的品格，成為社會的棟樑。也希望教育讓孩子心智更健康成長。但是...男生請照男的養；女生請照女的教。千萬不要教他們..性別光譜那一套，性別是可以游移的...用自我認知來取代生理。沒有家長希望，上課前正常的孩子，下課後變成同性戀。送兒子去學校，回家變女兒... 
電腦要裝對作業系統。WINDOWS電腦，你裝上蘋果的作業系統...也可以用，但是容易出現當機....最好還是裝WINDOWS系統 
一個男孩，身體是男孩、心理是男孩、...兩者合一時，對這個男孩將是最好的。身體：不論胖瘦高矮，是不是男孩，是上帝給你的，改不了。心理：誰說男生一定要陽剛，陰柔的男生，還是男孩。 
給孩子正確的自我認知，確認自己的性別。但在相同性別中，對不同人格特質...學會共處、包容、與尊重。『多元性別』是一個違憲的名詞，卻出現在民法裡。它的適法性..是一個可以討論的議題。 
但是『多元』這兩個字，卻讓同志教育在學校推廣有了依據...性平教育變成『同志養成教育』...全國各處的家長，都紛紛向學校抗議，這將造成社會嚴重對立。 
我們包容同志，但不需要變成同志。釋憲後同志可以結婚，這將讓同志教育更活躍。我對於少數的同志結婚，表示尊重..但對用教育將孩子洗腦成同志，表示憤怒 
身分證上除了男女，沒有其他性別。 
所以要求修改性別平等教育法『多元性別』為『兩性』。 
 ",6282,5000,2017-06-15 10:30:25,152,0,無,古諾禮
7884,2020-01-16 19:34:27,https://join.gov.tw/idea/detail/1bf749b3-dcd3-4314-8727-a9f4fcaf1abd,5月1日勞動節中小學學生應放假一日,為使親子作息同步，5月1日勞動節中小學學生應放假一日。,"一、可增進親子感情，可安排親子出遊之活動。 
二、親子作息同步，可省去許多不必要之麻煩。 
三、落實並擴大教育部國教署於2/15補課之美意。",6252,5000,2020-01-16 19:35:41,402,0,無,施和伸
10514,2021-01-28 12:11:02,https://join.gov.tw/idea/detail/740d95fd-daa0-4e7b-b54e-4958c5651e82,109學年度全國學生表演藝術類競賽活動 團體賽延期,臺灣因新冠病毒影響，導致疫情嚴重，109學年度學生表演藝術類競賽活動個人賽如期辦理，團體賽停止辦理。使許多擁有全國賽代表權的學校，努力練習的成果一瞬間化為烏有。因去年108學年度學生表演藝術類競賽團練賽停辦，已經很可惜了，更因為全民要優先安全防疫，希望今年109學年度的表演藝術類競賽，能等到疫情較為平復的時候，延期舉辦。," 
 讓所有積極認真準備全國賽的學生、學校努力不白費。 
 以安全防疫為優先等到疫情平復時舉辦團體賽，學生也可以參加競賽，學習團體合作等寶貴經驗，達到雙贏。 
 全國賽可讓需要競賽加分的學生，在會考多元分數裡拿到積分。 
 團體賽可培養學生的比賽經驗、舞台經驗及團體合作。 
",6238,5000,2021-01-28 12:11:23,504,0,無,Harry
1953,2017-07-01 22:41:14,https://join.gov.tw/idea/detail/2abb840c-b02a-4cbe-8bd2-b7a6db5099a3,澎湖南方四島國家公園東西吉廊道海域劃設為「完全禁漁區」,澎湖南方四島生態資源極為豐富和珍貴，陸域擁有狀麗的玄武岩火山地質，是台灣海峽重要的海鳥繁殖區，海域因有黑潮支流通過，珊瑚礁生態系是台灣珊瑚礁健康狀況最佳的區域之一，也是澎湖南部海域海洋生物之種源庫。自2014年6月8日起正式成立「澎湖南方四島國家公園」。澎湖縣政府並自102年8月1日，依漁業法公告：將包括南鐵占周邊海域劃設為「完全禁漁區」，不得以任何方式採捕水產動植物，南方四島周邊海域設為「底刺網禁漁區」，違反公告事項者，依漁業法第65條第5款規定，處漁業人新台幣3萬元罰緩。1、 底刺網季節性禁漁區:以A、B、C、D四點所連結之長方型水域，扣除完全禁漁區、底刺網禁漁區水域範圍屬之。除法令原已規定不得使用之漁具（法）本應受限制外，凡使用「底刺網」採捕水產生物之漁船筏（含自用遊樂船筏）每年農曆9月至翌年2月均不得進入「底刺網季節性禁漁區」範圍內作業，但基於試驗或研究需要，經澎湖縣政府同意者不在此限。2、 底刺網禁漁區:以I、J、K、L、M五點所連結之梯型水域，扣除完全禁漁區水域範圍屬之。另N、O、P、Q四點所連結之長方型水域範圍亦屬之。除法令原已規定不得使用之漁具（法）本應受限制外，凡使用「底刺網」採捕水產生物之漁船筏全年均不得進入「底刺網禁漁區」範圍內作業，但基於試驗或研究需要，經澎湖縣政府同意者不在此限。3、 完全禁漁區:以E、F、G、H四點所連結之長方型水域範圍內均屬之。除試驗或研究需要，經澎湖縣政府同意者外，全年不得以任何方式進入「完全禁漁區」範圍內採捕水產動植物。提議事項為：N、O、P、Q四點所連結之長方型水域範圍依澎湖縣府公告目前屬於「底刺網禁漁區」我們稱之為東西吉廊道，水中原本魚群稀疏，國家公園成立三年以來，在國家公園警察小隊努力執法之下排除非法毒、電魚及底刺網漁船，魚群現已恢復盎然的生機，已經形成水族魚群的種源庫，多種水中生物魚群於此繁衍生生不息，漁群一多想要進入此區域捕撈者就聞風而至，好不容易恢復的生機，要維持很困難但要摧毀卻很容易，就如同目前澎湖的馬糞海膽一樣，禁捕期一過開放第一天就全數趕盡殺絕，一年的復育只要一天的濫捕就滅絕了。所以我們強烈建議內政部、海洋國家公園管理處、澎湖縣政府立即將N、O、P、Q四點所連結之東西吉廊道水域公告劃設為「完全禁漁區」，不得以任何方式採捕水產動植物，以保護南方四島海洋生態的「種源庫」。,要將東西吉廊道劃設為「完全禁漁區」首先就會面臨漁民的阻力，因為漁民將會認為影響其漁獲生計，然而事實卻不然，因為整個澎湖南方四島國家公園海域面積約35000公頃，東西吉廊道面積約1200公頃，只佔整個國家公園海域面積的3%，「東西吉廊道」劃設為完全禁漁區，讓漁源在此繁殖壯盛，事實上現在就已經看的到保育成效了，當漁群數量持續增加就會滿溢出來，輻射向外擴散出去到整個南方四島國家公園海域，漁民就可以在97%的海域捕到豐收的漁獲了，這樣海洋資源才能真正永續發展，這才是長遠對漁民的漁獲最有幫助的做法。馬糞海膽鮮明的案例擺在眼前，生態保育一定要有「種源庫」的理念，維護種源庫完全禁漁才能讓魚源休養生息不受干擾的繁殖生長，保存物種多樣性建全生態系統的效益海洋資源才能永續利用。輔導漁民轉型發展觀光也是一項重要的課題，以現在南方四島國家公園內的休閒潛水船及海釣船為例，此海域可經營的季節為每年四到十月之間(其餘期間東北季風起風浪過大)，一個潛水員(釣客)一趟4天的潛旅(海釣)花費約新台幣2萬元，每艘船容量20人，一趟次潛旅的觀光金額約40萬，每艘潛水(海釣)船一年經營200天50趟次，約可創造2000萬的觀光財，南方四島若可以容納潛水船+海釣船共50艘營業，每年就可以創造10億元的觀光財，以及至少500個工作機會，而且當此模式有所成效時絕對可以帶動各縣市海域觀光旅遊，並讓南方四島國家公園保育成效提昇至國際知名等級，吸引國外人士前來觀光潛旅。既然要保育海洋資源發展觀光，對於進入南方四島國家公園海域的遊客，不論是陸遊、潛水、海釣等活動，一定會對環境造成壓力，及製造垃圾或汙水等廢棄物，所以建議政府要限定每日進出國家公園遊客總數額，並收取「生態保育稅」成立基金專戶，設定生態維持專款專用，促進海洋觀光發展與漁業永續利用。台灣的海洋保護區面積總計30941平方公里並不算小，但是長久以來大多只是紙上保護區，沒有多少執法人員在「保護」海洋資源。所幸自105年5月20日起海巡署李仲威署長推動「護永專案」，在海巡人員努力執法守護海洋資源之下，台灣的海洋保護區才真正有執法的遏阻力。感謝海巡人員強力執行「護永專案」，感謝澎湖南方四島國家公園警察小隊的執法！,6157,5000,2017-07-01 22:42:46,228,0,無,鯊魚哥
175,2016-07-12 17:46:45,https://join.gov.tw/idea/detail/2f05760d-5202-45d8-8e0b-dc3348e2854f,月亮杯比照衛生棉條合法網購,"　　月事用品在台灣的販售推廣向來有諸多限制，因被歐盟歸類為民生用品的衛生棉條（tampon）和月經量杯（menstrual cup），在台灣官方分類卻隸屬二級醫療器材，實務上需要執照及檢驗程序，個人進口則需要診斷證明書，導致衛生棉條選擇較少，而月經量杯尚未發給執照，法規的限制使得相關執照申請手續繁瑣，導致少有廠商願意生產、進口或代理。
 
　　月經量杯（menstrual cup）俗稱「月亮杯」，是用醫療級矽膠材質製作的軟杯，可捲起推入陰道，用以盛接經血的女性生理用品，在每次經期前後消毒清潔，即可重複使用，相較於衛生棉和衛生棉條更為環保和容易攜帶，可被重複使用五到十年，可大量減少在經期產生的垃圾量與環境汙染，節省購買拋棄式衛生用品的費用，是在國外相當普遍和蓬勃發展的月事用品。可惜的是，在台灣尚未有任何廠商生產或引進，導致國人對此產品感到陌生。想要使用的台灣女生，必須自己出國購買、或者託人從國外代購，一旦被海關發現還會被以違禁醫療器材查扣。
 
　　以衛生棉條為例，國內棉條廠商莎容企業從2008年5月開始漫長的衛生棉條醫療器材許可證申請過程，直至2010年3月，政府才終於願意放行，讓其取得核准發行導管棉條的執照。2010年7月，台灣第一個自創導管棉條品牌「凱娜KiraKira」終於上市，成為台灣月事用品發展的重要里程碑。
 
　　直至2014年1月，依台灣衛生福利部授食字第1021653168號公告，體脂計、保險套、衛生棉條已開放藥商在登記後於網路販售。衛生棉條開放網路購買，代表其部分解禁，成為相對自由流通的民生用品，除了原有的三個衛生棉條品牌，新品牌「Moxie魔晰」在同年五月正式進軍台灣。截至2014年11月，在衛福部的醫療器材許可證查詢結果中，衛生棉條（L5470. 無香味的衛生棉塞）僅發出五張，月經杯（L5400. 月經量杯）則仍掛零。2015年初，長期經營有機棉品項的英國品牌「Natracare綠可兒」也加入棉條市場，台灣衛生棉條發展才得以再度邁入嶄新的階段。
 
　　2015年8月28日，台灣棉條品牌「凱娜KiraKira」的創辦人深感歐美女性取得月亮杯容易，台灣女性卻只能找跨國代買，且因台灣衛生福利部尚未核准任何類似品之審查案，跨國代買需要負擔海關查扣的風險。為了突破這個現狀，再度啟動新一波的月事革命，發起「台灣月亮杯群眾募資專案」，主打「第一個為台灣女性設計的月亮杯」，短短三天期間達到300萬募資門檻，三個月後成功募得新台幣960萬元，顯示台灣女性對月亮杯產品的需求和理念的響應。此月亮杯開發案日前經衛生福利部食品藥物管理署醫療器材專案諮詢回復核准，已將產品送臨床前試驗及生物相容性實驗，原本在衛福部的醫療器材許可證掛零的月經杯（L5400. 月經量杯），預計將於2016年第三季發出第一張執照。
 
　　根據2012年11月1日署授食字第1011606990號公告及2014年1月2日部授食字第1021653168號公告，係開放實體店面之藥商得於網路販賣第一等級醫療器材及體脂計、保險套及衛生棉條等二級醫療器材，並未開放一般民眾於網路販賣醫療器材。在「台灣月亮杯群眾募資專案」發起前，網路上有兩家長期代購月亮杯的社團，時時都要冒著被檢舉罰鍰或入關查扣的風險。
 
　　但月亮杯與衛生棉條使用原理不同，用以收集經血，而非吸收經血，產品本身無吸收性，因此不會造成陰道內膜乾裂、觸發TSS中毒休克症候群之可能性。所以美國食品藥品管理局判定，月經量杯產品不須呈交上市前申報書，比衛生棉條規範更鬆，故建議比照衛生棉條開放網路販售，依2014年1月2日部授食字第1021653168號公告，體脂計、保險套、衛生棉條已開放藥商在登記後於網路販售，所以詢問是否開放其他二級醫療器材，應該也是循此先例。
 
　　此階段的提案，並非修改月亮杯在現行台灣法規的醫療器材分類，而是希望將月亮杯列為開放網購的品項，我們深信唯有合理的流通管道，才有可能吸引更多廠商願意進口和投注心力在L.5400品項的擴充，以增加台灣女生的月事用品選擇權，並且在政策的管理下，真正保障消費者的使用安全。",　　降低民眾取得L.5400醫療器材的門檻，得以增加其他廠商進口L.5400的意願，讓有心耕耘的廠商能依法申請藥商執照，取得醫療器材許可證，合法販售月事用品，以保障民眾的使用安全，擴充台灣L.5400品項的選擇多樣性，同時利於經期教育和推廣。,6150,5000,2016-07-12 17:58:39,461,0,無,Wen-Fei Shih
7037,2019-05-01 14:12:36,https://join.gov.tw/idea/detail/d84c023c-c4b0-4e3b-8d4b-f1706b4f8436,改善台灣托育條件包括保姆勞動環境改善以及降低托嬰師生比,"我是今年4/1號內湖托嬰中心兒童窒息死亡的媽媽， 事發至今剛好一個月， 此托嬰機構沒有任何人跟我們說明為何此事件會發生。 
身為父母的我們有時照顧一位寶寶都很累， 更何況這件事情變成一份工作。 法定一位保姆能帶五位寶寶的數量已經超過一位受薪保姆的身心負荷 ，保姆的勞動條件一定需要改善。 
保姆這個工作是給錢的人覺得很多，拿錢的人覺得很少的辛苦工作。如果再往高一點的層級思考事發原因，除了托育比太高(1:5)， 是否保母勞動條件太差(薪水低/工時長)也是主因？ 
兒子在托嬰中心窒息死亡的事件只是冰山一角， 在台灣各個角落常常發生令人心碎的類似事件， 只是每每都被當成單一事件，報導過後就結束， 沒人去檢討事發原因為何以及後續如何避免悲劇再次發生。 
為了養起一個家庭，雙薪是無法避免的。 托育是一條我們不得不選擇的路，相信許多的父母也是。 改善托育環境才是最根本能降低再次發生悲劇的可能性。 
我們希望衛福部/ 行政院能夠正視這個問題並且改善台灣嚴苛的托育環境， 並成為改善少子化計畫中重要的一環。 
  
 ","訴求如下： 
1) 托育人員勞動條件的改善(薪水/工時/心理輔導)2) 降低1:5的托育比例 (根據衛福部的報告，從1:5降成1:4成本大約增加2000/ 月) 
  
備註:  衛福部報告連結已附上  
 ",6129,5000,2019-05-01 14:13:12,690,0,無,叡叡媽媽
1675,2017-05-14 01:07:53,https://join.gov.tw/idea/detail/41642d74-7866-45e9-81a6-4984ffd276c0,國內線上遊戲相關法規建置,"1.防範遊戲惡性倒閉 以快樂玩遊戲平台旗下的<R2online>為例,於1/27~2/01還推出儲值禮,但3/2立即宣布倒服。此舉明顯惡意榨玩家的錢,讓玩家成為冤大頭。 希望能立法防止相關情事發生,(ex.遊戲停止服務需於兩個月前公告,並且以公告日起算前兩個月在該遊戲的相關消費得無條件全額退費) 
2.遊戲環境維護義務規範 以快樂玩遊戲平台旗下的<封印者Closers>為例,僅開服約三周(4/27~5/13),各式bug及外掛就橫行遊戲,實已影響玩家的遊玩體驗。但廠商卻不願意花心思修正遊戲問題,而是顧著出新商品賺錢。 希望能立法強制廠商維護遊戲環境,包含抓外掛,清除重大bug(ex.無法登入)......等。 
3.廣告不實規範 以快樂玩遊戲平台旗下的<封印者Closers>為例,開服前強調""遊戲內容比照韓國原廠"",但卻出現各式台灣特別版(ex.韓廠在商城不到千元台幣的時裝,到台版卻必須透過投機消費(轉蛋)才能獲得,甚至出現破萬保底的誇張情事),實乃廣告不實,也造成許多聽信廣告而儲值的玩家的困擾。 希望能立法規範廣告不實的問題,保障玩家權益。 
4.玩家帳號安全保障及特定狀況下義務提供電磁紀錄 線上遊戲的資安問題一直是大家關注的事情。當辛苦培養的角色被盜,遊戲公司卻不願意提供相關電磁紀錄幫助玩家與警方調查,玩家最後常常只能當冤大頭吞下損失。 希望立法約束遊戲公司,在特定情況下(ex.玩家帳號被盜),只要提供相關身分證明(ex.雙證件,電話驗證)便可以提取相關的電磁紀錄;並且強制遊戲公司必須建立被盜的救濟措施,保護玩家(ex.回溯個人資料)。  
5.針對破壞遊戲公平性的行為立法規範(建立實名制) 現今各大線上遊戲幾乎都有”外掛”的存在。這類程式會破壞遊戲公平性,不僅只是使正規玩家失去玩遊戲的熱情,甚至影響遊戲內的物價,使之崩盤,造成惡性循環(外掛刷遊戲幣牟利,一般玩家無法負擔金額,又只得跟外掛商購買遊戲幣),減少遊戲壽命。 由於現今大部分遊戲建立帳號容易,開外掛的懲處又不足為懼,因此儘管許多遊戲公司傾力取締,依然無法完全根除。因此希望建立遊戲實名制,只要有破壞遊戲公平性的行為(ex.使用外掛)則有一定的罰則可以處分(以韓國為例,散佈外掛者最高可處五年監禁)。","       近年隨著科技發展,遊戲已然成為人們生活的一部份。伴隨這個趨勢,許多國家都開始重視遊戲產業這塊大餅。但我國一直缺乏對這塊產業的關注及重視。 
       台灣的遊戲商大部分重於炒短線,以賺錢為目的,卻常常忽略最重要的”玩家”的需求,甚至常常為了賺錢剝削玩家的權益,玩家卻又往往苦無相關法條保障權益,只得忍氣吞聲。久而久之,國內玩家在長期的失望下,部分選擇出走國外遊戲服,或不再對國內遊戲進行投資,進而造成遊戲商為了賺更多錢,變本加厲剝削留下來的玩家的惡性循環,也讓台灣的遊戲市場一直萎靡不振。 
       隨著遊戲愈來愈普遍於我們的生活中,我認為應該為遊戲立定更完善的規範保護玩家,建立玩家對國內遊戲公司及代理商的信心,進而讓國內的遊戲產業能更加蓬勃發展!",6109,5000,2017-05-14 01:07:59,707,0,無,YAMI
8833,2020-06-15 22:24:36,https://join.gov.tw/idea/detail/9dc351f3-772c-43be-a2e8-26489f72f538,第一線教職人員、學生及家長應有權影響未來課綱的改變,"以108課綱為例子，政府大力吹捧的新課綱，為何學生及教師所給予的回饋仍有許多負面評價？是不是表示在課綱修訂前完全沒有管道讓教育單位方能提出質疑等意見？既然受用的人是教職員、學生及家長，那為何沒有概括這些人的建議及給予實質權力影響新課綱內容，進而將課綱修訂的更完善，也讓人民有基本的參與權？為何在課綱正式實施前，不更提前詳細說明課綱內容，讓受用者能盡早應對？ 
延續上文，108新課綱上路後，造成受影響的高國中小教師與學生許多困擾，可台灣目前學制更動的決策權卻主要掌握在國教署的少數委員手中，大部分受影響的學生、教師與家長並沒有實質的管道表達自己的疑惑或意見，甚至因與政府間的資訊不對等，無法清楚了解課綱的更動與影響，而身在教學第一線的教師雖有機會表達自己的意見予政府單位， 但是否予以採納卻不是教師們能控制的，於是不論教師、學生或家長，目前都只能被動地任由新課綱影響到自身的權益，因此為避免往後仍有此問題，對於未來課綱的改變，建議： 
一、資訊透明化：教育部課綱改變定案前，所有會受決策影響的學生、教師與家長都應享有被告知的權利，且應使所有被影響人明確得知課綱內容。 
（一）定期或在新課綱制定期間，和各校在第一線進行教學的教師、學生與家長代表召開意見研討會。    
二、學生、教師與家長代表的部分決策權：應擴大家長與教師委員的人數，增設學生代表，其三者對學制政策的更動皆享有部分決策權（例如：有限制的擁有暫緩部分教改條例的決定）。 
（一）應有能向政府提出具實質效力意見的教師委員、學生代表，並明定能讓學生和教師都擁有表達個人意見權利的選拔模式，才不會有學生意見無法透過學校上達的情況。 
（二）選拔家長委員的方式也應比照（一）來辦理，確保能以公平、公正、公開的方式，選出有益教育制度改革的家長委員。 
（三）為避免意見紛雜導致政策難以制定、改革，應有相應的制度來限制代表的部分決策權。 
  
三、針對學制發表意見的平台：開設專屬平台容納意見，如附議人數達門檻限制，政府除了得有所回應外，也得把所提意見確實納入修改課綱之考量，而成功提出或需再集思廣益的建議也可公布於此平台。 
 ","一、減少每次更動課綱帶來的衝擊，能有效避免新學制前幾屆學生像「白老鼠」的情況，且能落實公民權利同時讓新課綱推動的更順利。 
二、在第一線教育與受教育的教師、學生，還有同樣深受影響的家長能夠否決掉一部份過於理想化、不利實際執行的政策。 
三、太多元紛雜的民意除了難以推動改革，也可能淪為民粹教育，因此需限制相對的部分決策權，以利於在政府與人民之間取得良好的平衡點。 
 ",6103,5000,2020-06-15 22:27:44,491,0,無,YU
9139,2020-08-21 20:11:21,https://join.gov.tw/idea/detail/07a96ec5-efcf-4dfb-a64e-5898bf10510c,16歲以上開放機車駕照（不包括重機）,"16歲以上開放機車駕照（不包括重型機車駕照） 
因現在很多學校都充滿距離感 
希望學生能達到方便快速的方法 
希望實施學生機車駕照使高中以上的學生充滿不方便 
有些人光讀學校就有搭乘很多車次 
甚至還要特別早就要起床等車 
有些補習很晚就很累還要為隔天學校的行程做準備 
有時都快十一二點才能睡 
希望能考慮到學生個人的需求 
騎機車不代表就是屁孩 
只是為了更方便的交通 
總是轉車遲到車次還要搭計程車 
學生一天讀書就要來回兩次了 
雖然可以有學生票便宜了些 
可是總是帶來非常多的不方便 
有些大人可能怕學壞 
但我個人覺得可以給學生們提早瞭解交通規則和更多機車的交通指南 
希望大家都能夠同意這說法 
讓學生可以過的輕鬆點而不是讓學生累死 
加油~💪 
  
個人發泄：馬路每個人都有權，跟馬路三寶沒關係，你們覺得機車就是屁孩，難道學生都要承受這些壓力嗎？說的是16以上又不是13~14以上 
有很多人光上學就都用走路的了，轉車還要走，到車站走路或騎腳踏車，有些坐完火車還要改公車，公車還要挑時間，火車來不及或公車來不及不就都要叫計程車，計程車有些還特別遠，我走路半小時到學校，計程車要好幾百，如果讀更遠的學校不就更貴 
就多替學生想想很難ㄇ"," 
 好處 
 交通更加方便 
 給學生減少壓力 
 給學生更好的睡眠品質 
 讓學生更快的瞭解到交通秩序 
 給距離學校有距離的學生更加快速 
 減少遲到叫車的大金額 
",6102,5000,2020-08-21 20:28:15,884,0,無,安安
6405,2018-09-23 02:22:08,https://join.gov.tw/idea/detail/13fd8a86-40c0-41c5-acc4-645c1af8f43c,虐待及性侵害未成年者，須加重刑罰且不得假釋,"有鑒於長久以來虐童事件層出不窮 
且常發生該施虐者僅被解雇,而該托嬰照護機構緊急切割並無任何負責行為 
因此提出 
1.施虐的照護人員除解雇並公開姓名照片及個人資訊給各幼兒托嬰機構及褓母協會,避免虐待事件再次發生 
2.加重施虐的照護人員刑責 
3.除了施虐者的刑責之外,該機構也該負符合比例原則之處罰，此舉也能讓托嬰或褓母協會對於照護人員推薦或任用上更加謹慎 
4.托嬰/幼兒園之照護人員應定期進行身心狀況檢察,壓力過大或有異狀者,應由公家機關單位審視是否繼續任用，立案褓母則由相關褓母協會協助進行之 
5.兒童無法抵抗大人惡意施暴，施暴者若是父母或同居親人，法律上應該修法加重刑責，法律面和政策面同時並進。 
6.引進日本政府《虐打兒童防治法》強化兒童諮詢所和福利設施負責人的監護權託管許可權。 
7.","1.保護幼童安全，遏阻傷害幼童的事情發生經宣導後，可以有效的增加社會對幼童安全的重視 
2.受虐兒童身心發展受到傷害，無論是心靈上或外表，教務人園應受到譴責和停業，並且有效遏止這類類似事件再度並重複發生 
3.小孩是國家的未來，成年人應該予以保護、引導，而不是仗著強壯在未成年身上找成就感，少年強則國強，現在已經少子化，對國家幼苗的保護刻不容緩；性侵跟虐童基本上出自同樣的心理，都是以強凌弱。在以教育教化之前，嚴刑峻法可以有效遏止苟且僥倖的行為，只有婦女兒童感到安全，少子化才能得到緩解，社會才能變得安定。 
4.《幼兒教育及照顧法》規範的教保服務機構相關人員，若對幼兒有《兒童及少年福利與權益保障法》第49條規定、體罰或性騷擾等行為，除處以罰鍰外，並應公布行為人姓名，以保障幼兒與家長權益。",6076,5000,2018-09-23 02:23:52,799,0,無,尋找
535,2016-10-15 11:07:33,https://join.gov.tw/idea/detail/caf1b33f-c495-4e37-a51b-8dbb5552b94f,建議將教官留在高中校園，以維護高中校園安全,"一、105年9月5日新聞報導，以下為節錄：「教育部長潘文忠表示，感謝以往教官對校園安全與學生輔導的辛苦。未來防制校園毒品，將借重專業輔導人力，與老師一起努力，在校園搭起反毒守護牆。 潘部長說，校園反毒與毒品防制，未必一定要由教官來做，必須要整合各界的資源。透過學生的自省、自制，遠比教官的三令五申還有效果。 除感謝以往教官對於學生生活輔導的努力，潘部長說，教官退出校園後，會將其人事經費轉由專業輔導人力與校安人力取代，「讓教育夥伴的人力更貼近學生情緒的輔導」他希望一切回歸到校園專業。 
二、105年10月11日台北市某高職放學時，有男子在校門口凶狠押學生，教官挺身將學生救回，如果是換成便服的文職老師，後果不堪設想。因為教官那套制服有象徵意義，校外人士還是會忌憚。 
三、想請問教育部，如果要由專業輔導人力與校安人力取代教官？那麼這些所謂的專業輔導人力及校安人力規劃了嗎？經費編列了嗎？另外專業輔導人員及校安人員可以像教官一樣隨時待命嗎？可以協助校園一大早07：00上學的督導嗎？可以協助校園17：00以後放學的督導嗎？晚上10點學生發生事情，可以隨時趕往現場關心孩子嗎？ 
四、如果沒有完整的配套措施，就開始凍結教官的培訓，也一直不斷放話要教官退出高中校園，有意義嗎？是想要讓更多教師兼學務工作的老師更無意願投入學務工作嗎？ 
五、自1987年解嚴以來，台灣各種思想百家爭鳴，教官在高中校園的角色，已不是過去威權時代的思想控制，而在資訊爆發的時代，學生更不可能隨意被影響。然而教官卻有其不可取代性，當學生發生意外的時候，第一個跑到現場協助處理的都是教官，尤其是目前校園毒品問題，更需要教官來協助導正。高中教官在某些程度上扮演的是高中校園中一股安定的力量。許多高中教官現在在高中校園中其實與學子打成一片，真的不要再將教官汙名化成威權的象徵，真的要理性看待教官在高中校園中的角色。","在現今校園開放的氛圍下，做好學生的校園安全維護工作是很大的挑戰，尤其在少子化的浪潮下，每個孩子都是父母的寶，每個都是國家發展不可或缺的一份子，當然要讓學子們可以平安的學習！ 
請一直在倡議教官退出校園的立委們好好思考一下！教官退出大學校園或許可以，因為大部分的大學生皆已成年，要為自己的行為負責！然而，教官退出高中校園，真的要慎重考慮！要不然請這些倡議要教官退出校園的立委們，來高中校園工作一學期，再講出這樣的話！ 
我們相信只要有穿著制服的教官幫忙學生事務工作的話，就能維持著高中教師安心教學，高中學生專心學習，高中家長放心託付的校園。 
台灣每一位高中教師兼任學務主任要處理學生的大小瑣碎事務，導致台灣高中職教師願意兼任學務主任的意願很低，能擔任超過兩年以上已經很厲害了！現在又要將教官退出高中校園(雖然教育部聲稱會規畫完整配套措施，但是根本還在規劃中就開始放話)，導致由教師兼職學務工作的校安維護負荷加重，如此一來恐怕高中職教師願意兼任學務主任的意願會更低！那就請政府再編列預算將學務主任也職員化吧！",6060,5000,2016-10-15 11:08:26,496,0,無,陳恕
854,2016-11-30 17:48:10,https://join.gov.tw/idea/detail/97476758-68e8-47a6-b077-02c0e558133f,政府應積極辦理延伸高鐵到屏東,"1.小英政府對屏東縣應有明確交通建設目標，行政院應承諾落實屏東交通建設規劃。比方說政院已核定的「國土空間發展策略計畫」有關高鐵交通議題就是其中一項，交通部應盡速責成高鐵局提出完整的「高鐵延伸屏東評估報告」，交通部預算應撥出更多預算給屏東交通建設，以實現南北區域均衡發展的公平正義。小英政府應該積極改變長期人為性錯誤的重北輕南經濟政策、真正用心地導正南北經濟結構差異。 
2.南高屏聯合區域治理應將屏東交通議題列入重點議程，在聯合區域治理機構中，南高屏縣市首長應該負責任的討論各類交通議題與高鐵延伸屏東，設法凝聚高度共識，漸進討論土地徵收問題、財政問題、路線問題等，解決相關技術問題，或是聯合向總統、交通部施壓，要求中央提出各類交通計畫報告。 
3.高鐵延伸屏東是屏東發展最重要的一塊拼圖，屏東縣長應聯合屏東縣內各界團體組織代表共同簽訂高鐵延伸屏東公約，將屏東人長期的殷切心聲向中央政府提出訴求，讓中央聽見屏東人的期盼，不能讓屏東的將來再失去發展契機。 
屏東近十數年來確有建設，只要走入屏東都可輕易看到，可見屏東縣在多位民進黨首長執政十數年有治理政績，且多是重要的基礎建設與文化建設。不過，屏東最大的治理問題還是交通升級牛步化以及失業問題導致的人口流失。 
屏東交通建設特別需要小英政府與地方合作共同重視地方需求。只要是讓屏東交通有良好的發展機會，隨之而來的產業、薪資、住房、醫療、空汙、自來水等問題就有更好的解決與發展。屏東的「後發優勢」不能再等了，中央政府要在交通上有更進一步具體行動措施，與地方攜手合作，解決問題，俾使屏東不被邊緣化。","筆者認為，完善屏東交通建設，也可能促使我國經濟成長。國際研究指出，景氣低緩時，政府投資公共建設，可使經濟成長率GDP乘數效果明顯。Calderón 等學者(2005)對1960至2000年間全球121個國家之實證結果發現，公共建設增加不僅提高經濟成長，並降低所得分配不均。 
國際貨幣基金IMF（2014）指出，基礎建設投資如是在經濟疲弱及貨幣政策寬鬆時期進行，則GDP乘數效果為3倍。 
根據台灣經濟研究院預測，2016年全年GDP成長預估由1.57%，調降至1.27%。而第一季實質GDP（未經季節調整），與2015年同期相比，年減0.84%。也是去年（2015）第三季GDP轉負以來，第三度呈現負成長，可見臺灣經濟持續疲弱。另根據今年3月的央行業務報告，中央銀行貨幣政策刻正實施寬鬆貨幣與信用。 
不只臺灣景氣低緩，由於全球景氣較差，今年IMF、World Bank、OECD與G20上海會議公報皆強調，各國加強運用財政與可激勵經濟成長之結構性改革政策，例如財政改革、勞動市場及商品市場改革及政府治理改革等，使貨幣政策發揮更大效果。央行也認為，擴大基礎投資是政府當務之急，運輸、資通訊及能源等建設有助於降低貿易成本，吸引高值化生產。 
上年（2015）底各級政府及中央政府債務餘額占前三年GDP平均數比率分別降至39.3%及34.4%，財政空間擴大。今年公共建設預算3518億元，較上年成長10.7%，其中交通預算1167億，也較上年成長約10%。政府正採取擴張性財政政策，支撐內需動能。新政府此刻如能看重未來經濟成長率，應詳實規劃明年度屏東重大交通建設，待明年度預算通過，即可執行。 
由於額外的屏東交通建設預算投入，此類擴張性財政政策，所衍生的經濟效益甚大，假設明年屏東交通建設幫整體經濟成長率增加0.25%，依據理論，在五年後，可貢獻的經濟成長率增加3倍為0.75%。 
各種交通建設需要執政者的智慧，與相關權責機關的努力戮力規劃與評估，再者，更重要的是執政者遠見，與權責機關勇於任事的態度，加之中央地方政府協力合作，透過最低程度損害人民利益之行政行為，與相關國土完善規劃，建設合適的交通建設以及促使高鐵進入屏東，達成真正的一日南北生活圈。 
 ",6055,5000,2016-11-30 17:48:26,524,0,無,Myers Su
2143,2017-08-08 12:59:06,https://join.gov.tw/idea/detail/2167dce7-4be9-4df3-964b-b63594cca4be,啟動核一、核四 ，並以核能發電盈餘發展綠色能源,"訴求： 
(1) 重啟核一，啟動核四 
      啟動核能電廠，解決限電危機。並以核能發電盈餘發展綠能。 
(2)上調備載容量 
(3) 核能決策回歸專業 
      核電廠運轉審查，由立法委員等不具備核能、電力相關科學素養的政治人物， 
      轉為具備專業核能知識的人員。(如原能會，核工教授、學者) 
  
 ","原因： 
(1) 台電虧損 
      台電 2016年，盈餘達247 億，而2017 上半年虧損達71億， 
      一來一回，損失達 318億元，大約每個有在勞動的台灣人需負擔 2266元。(勞動人口比：61.6%) 
      而這些虧損浪費到哪裡了??? 
      (a) 向日本""租""用老舊緊急火力發電設備 
            不是買，是租用，花95億租用老舊的火力發電機組。 
            台電真的沒有辦法了，用這種飲鴆止渴的方式維持電力穩定。 
            真不知上層在想什麼，為了一個好高騖遠的政策，把錢浪費在無益於國家發展的事上。 
      (b) 向民營電廠加價購電  
            向台塑王家的電廠 、遠東徐旭東的嘉惠電廠加價購買了許多電， 
            全民、台電、政府皆賠 ，唯獨這兩家大賺。 
(2) 設備滿載、超載，無法歲修 
      因備載容量不足，所有機組幾乎都滿載，甚至超載，也無法歲修， 
      林口火力發電廠、台中火力發電廠都發生火災、管線問題，卻不能停下來好好維修， 
      難道要等無法挽回的工安問題發生，再來歌誦犧牲的工程師、消防員的偉大??? 
(3)未來電力需求將增大 
     台灣除了金融海嘯那幾年，用電量全都是成長的。 
     之後要推的軌道、電動車，哪個不是吃電怪獸?? 
(4) 由教育委員會審查核能發電並不妥當 
      立法院中，教育委員會裡，並沒有一個人具有電力、核能相關的專業， 
      由政治人物來審查如此專業的領域，並不合適，非常踐踏專業。 
      希望由原能會與核工專家，作為核能電廠運轉的最後一道審查者。",6038,5000,2017-08-08 13:26:46,429,0,無,Pin-Hui Ho
10233,2020-12-31 00:39:20,https://join.gov.tw/idea/detail/fc5209d1-2874-4edc-b03a-817b505e4c45,肺癌篩檢普及化，早期發現治癒率可達90%以上！,"一、提議內容 
1. 肺癌成為新國病 
       近年來肺癌死亡率已取代肝癌，成為國內第一癌症死亡率，每年死亡人數多達9千多人，這是由於多數病人確診時已多是末期，醫治困難。 
  
2. 低劑量電腦斷層檢查，可早期發現、早期治療，降低肺癌死亡率 
  
3. 先進國家肺癌防治經驗：篩檢設備普及，早期發現病患比例高 
(1)日本、新加波、美國等國家檢查設備相當普及，購物中心、大廈、健檢診所及大型診所均可見電腦斷層掃描儀(CT)、  磁振造影機 (MRI)設備，方便民眾檢查；反觀台灣則限制一定要設置於醫院內。 
(2)日本每百萬人口有111台CT，而台灣每百萬人口只有17台CT。此外，日本十多年前即發展移動型CT，將CT篩檢車開到偏遠地區，方便民眾檢查。近年來，英國及其他國家也陸續跟進，甚至在便利超商門口即可做肺癌篩檢。 
(3)篩檢設備具便利性使民眾參與檢查意願高，是日本肺癌早期發現比例高於台灣的主因（日本肺癌三分之二是早期，台灣則只有三分之一是早期）。 
  
4. 鬆綁不合時宜法規，讓CT設置普及化 
(1)現況：法規規定，CT、MRI僅能設置於醫院內，民眾要自費做CT、MRI等檢查，只能到醫院排隊掛號，而排檢通常又是幾週、幾個月。 
(2)理想：民眾可自費去一般健檢診所、大型診所做CT、MRI檢查，才能減少肺癌及其他癌症對國人的殺傷力；同時開放CT巡迴車設置，守護偏鄉民眾健康。 
  
二、建議事項 
1. 修改法規：不限制CT、MRI一定要設置於醫院內，讓CT、MRI設置普及化，以提供民眾省時、便利又快速的癌症篩檢診斷工具。 
  
2. 啟動試辦：由幾家基層醫療機構 (健檢診所及大型診所) 設置自費之CT及MRI，視其執行成效，再予制度化規範。","  
1. 提升肺癌治癒率：肺癌篩檢普及化，早期發現、早期治療，讓肺癌病人有更多成功治癒的機會。 
2. 維護偏鄉地區民眾的健康：CT巡迴車之設置，可便利偏鄉地區民眾就近檢查，照顧醫療貧瘠的偏鄉民眾。 
3. 提高病人照顧品質：基層醫療協助癌症篩檢，疏解醫院病人等候檢查擁擠情況。 
4. 減低社會醫療成本：篩檢普及化可大幅降低確診即末期之機率，不僅減少病患醫療費用，亦可節省健保支出。 
＊備註：提案連署單(完整版)請見附件檔案。 
  
【相關連結】 
1. 肺癌政策評比／台灣缺肺癌國家防治計畫 成立智庫平台 
衛福部過去發布的政策白皮書，設定2020年目標是讓癌症標準化死亡率下降20%，但從2010年到2019年實際上只降了7.8%，而第四期國家癌症防治計畫則提出2025年要下降癌症過早死亡率25%，就必需重視死亡率最高的肺癌，並實行有效防治策略，包括早期診斷、預防及晚期病患的精準治療。 
  
2. 醫師的良心建議：向肺癌宣戰，請先從篩檢做起 
在台灣現況空氣品質下，每一個人就算不抽菸，罹患肺癌的機會都是歐美重度吸菸者的2倍。唯一證實有效的早期肺癌篩檢：低劑量電腦斷層。 
  
3. 想要早期發現肺癌，胸部X光、低劑量電腦斷層，哪個有效？ 
楊泮池院士與醫界共識：要篩檢出早期肺癌一定要用低劑量電腦斷層。 
  
4. 為儘早查出肺癌，英國把移動篩查車開到了超市門口 
英國國民保健服務(NHS)將移動篩查車開到超市門口，試點運行數據顯示，移動癌症篩查方法比傳統檢查方式能夠更快的發現早期肺癌。超市門口的移動CT掃描儀檢測出第一或第二階段肺癌病例的數量增加了4倍。除了英國，日本早在十幾年前已開始採行行行動電腦斷層檢查。",6035,5000,2020-12-31 00:44:44,183,0,無,肺長壽社團&抗癌戰友會
105,2016-05-05 20:45:48,https://join.gov.tw/idea/detail/b2205964-f157-4f1d-8461-3c138f50216b,機車改裝合法化,"嘉義一位騎士花了七萬多元改裝費將愛車的後輪改寬.軸距改長.犯了天條.被警方查扣後.開了五張罰單並且吊銷車牌. 新聞 >> http://goo.gl/STtzSl
哈雷機車改造世界冠軍葉韋廷http://www.gq.com.tw/life/celebrities/content-14534.htmlhttp://www.nownews.com/n/2013/05/13/275305
https://tw.news.yahoo.com/%E5%8F%B2%E4%B8%8A%E7%AC%AC-%E4%B8%96%E7%95%8C%E6%94%B9%E8%A3%9D%E6%A9%9F%E8%BB%8A%E8%B3%BD-%E5%86%A0%E8%BB%8D%E4%BE%86%E8%87%AA%E5%8F%B0%E7%81%A3-034853686.html
一樣的事情，換做到日本，這個與我們接近的國家且相同擁有製造摩托車的能力，但對於改裝法規及觀感卻極大不同
只要不影響到用路人，摩托車改裝品通過公家檢驗就像安全食品認證，日本針對改裝車輛定製出JMCA標準以排氣管改裝為例.日本政府訂出噪音值與排氣角度的規範.使民間業者製作出的排氣管販售前送驗
檢驗合格就可上市販售.合法使用有了政府把關.改裝可以很合法同時也促進了這項產業的發展與進步
轉過頭來看看台灣，這麼點簡單的事情有這麼困難嗎??警察整天在馬路上攔檢改裝摩托車，且不懂法規就隨意開單
定義出一套標準有這麼困難嗎??
甚至堅持非原廠就是危險!!告訴我...危險在哪裡??
換煞車卡鉗危險??加裝燈危險??換排氣管危險??
大貨車裝燈是吸引他人注意並增加他人行車安全
腳踏車裝燈是吸引他人注意並增加自身行車安全
摩托車裝燈是吸引警察注意(開單後寫著影響他人行車安全)影響在哪???那些賣檳榔的燈比摩托車上的還亮就安全了??

最近台灣不惜出動大批警力每天從早到晚，大街小巷，與環保局合作
設立臨檢站攔檢改裝摩托車
似乎要消滅全台灣改裝摩托車
似乎台灣馬路沒有摩托車就是進步
你們有想過外國人來台灣租機車觀光
騎上高速公路和拍攝他們的汽車揮手示好打招呼(以為友好??)之後卻被攔下還被開單(外國人表示：台灣不能上高速公路??)((外國人覺得智障但外國人不說??))
甚至還會被爆上新聞增加版面順便洗腦一般市民摩托車很危險??
","嘉義一位騎士花了七萬多元改裝費將愛車的後輪改寬.軸距改長.犯了天條.被警方查扣後.開了五張罰單並且吊銷車牌. 新聞 >> http://goo.gl/STtzSl
哈雷機車改造世界冠軍葉韋廷http://www.gq.com.tw/life/celebrities/content-14534.htmlhttp://www.nownews.com/n/2013/05/13/275305
https://tw.news.yahoo.com/%E5%8F%B2%E4%B8%8A%E7%AC%AC-%E4%B8%96%E7%95%8C%E6%94%B9%E8%A3%9D%E6%A9%9F%E8%BB%8A%E8%B3%BD-%E5%86%A0%E8%BB%8D%E4%BE%86%E8%87%AA%E5%8F%B0%E7%81%A3-034853686.html
一樣的事情，換做到日本，這個與我們接近的國家且相同擁有製造摩托車的能力，但對於改裝法規及觀感卻極大不同
只要不影響到用路人，摩托車改裝品通過公家檢驗就像安全食品認證，日本針對改裝車輛定製出JMCA標準以排氣管改裝為例.日本政府訂出噪音值與排氣角度的規範.使民間業者製作出的排氣管販售前送驗
檢驗合格就可上市販售.合法使用有了政府把關.改裝可以很合法同時也促進了這項產業的發展與進步
轉過頭來看看台灣，這麼點簡單的事情有這麼困難嗎??警察整天在馬路上攔檢改裝摩托車，且不懂法規就隨意開單
定義出一套標準有這麼困難嗎??
甚至堅持非原廠就是危險!!告訴我...危險在哪裡??
換煞車卡鉗危險??加裝燈危險??換排氣管危險??
大貨車裝燈是吸引他人注意並增加他人行車安全
腳踏車裝燈是吸引他人注意並增加自身行車安全
摩托車裝燈是吸引警察注意(開單後寫著影響他人行車安全)影響在哪???那些賣檳榔的燈比摩托車上的還亮就安全了??

最近台灣不惜出動大批警力每天從早到晚，大街小巷，與環保局合作
設立臨檢站攔檢改裝摩托車
似乎要消滅全台灣改裝摩托車
似乎台灣馬路沒有摩托車就是進步
你們有想過外國人來台灣租機車觀光
騎上高速公路和拍攝他們的汽車揮手示好打招呼(以為友好??)之後卻被攔下還被開單(外國人表示：台灣不能上高速公路??)((外國人覺得智障但外國人不說??))
甚至還會被爆上新聞增加版面順便洗腦一般市民摩托車很危險??
",6010,5000,2016-05-05 20:46:09,1022,0,無,陳國輝
9886,2020-11-27 11:18:28,https://join.gov.tw/idea/detail/75cf0e7f-10b9-4659-bf49-ccd4bf5c7030,開放勞動基金(勞退6-12%)有限度自選投資組合,"勞退基金為專有專戶, 近年來勞退基金運用績效不佳, 且被挪用的新聞層出不窮，建議可以效法美國401K有限度開放自選組合。 
 
 勞動基金運用績效不佳 (參照底下連結): 至109年9月底, 勞工退休基金基金規模35,431億, 虧損103.3億, 收益-0.3%。 此績效實在讓一般人難以理解，若是買被動ETF定期定額投入不至於會如此糟糕，更甚此為要放長期的基金，不適合人為去操盤。而且動不動國安基金就會進場接盤，請問這些基金的動用有經過該專戶的人同意嗎? 
 被挪用的新聞(參照底下連結): 勞動部官員挪用基金卻只需要記過, 而勞退基金虧損的情況卻是要人民共同承擔。 
 有限度開放自選組合: 因為是放長期的基金, 建議定期定額並買ETF, 優點網路上都有就不詳述。而想更積極的投資人可以選擇自己要的投資組合。 而如果勞工選擇要自己選股, 理當就排除最低收益保證,盈虧自負。 
","被動自選投資的好處 
 
 減少基金經理人的經手費用以及潛在的人為貪汙 
 可以排除最低保證收益, 政府可以少負擔這些費用 
 連巴菲特都打敗不了的績效就是指數被動投資 
",5991,5000,2020-11-27 11:19:09,654,0,無,Hercules
276,2016-09-08 01:17:52,https://join.gov.tw/idea/detail/5be40d90-0f96-4274-acc0-ed721a6d2873,汽機車燃料稅應隨油徵收,"汽機車燃料稅，目前是以車子的引擎排放量為基準，作為費率標準，這完全是一個莫名其妙的制度
顧名思義，燃料稅課徵的目的是「燃料使用所造成的社會成本」，例如空汙、噪音、碳排放等等；這樣的話，課徵的標準，當然是使用燃料的多寡
例如同樣是1800 c.c. 的汽車，每年使用的汽油（或柴油）量，可能天差地別，如何能一概而論？
要衡量使用燃料的多寡，最顯而易見的方式，當然就是燃油的使用量！
鄰近的新加坡、日本、韓國，早已實施燃料稅隨油徵收多年，因而表面上看來每公升油價高於台灣，但事實上因內含燃料稅，對於駕駛人反而更加划算且公平！不會因為持有一台cc數較大的車子，就必須每年固定被課徵高額燃料稅，無論使用里程多寡
（附帶一提，較高引擎排放量的汽車，可能體積較大，使用路權較多，理應負擔較多的稅負，此部份已由較高的牌照稅所cover，與燃料稅實無關聯）
因此本提案建議：汽機車的燃料稅，改為附加於汽柴油的消費上，也就是隨油徵收
 
 ","帶來的利益：

回歸使用者（污染者）付費，有效減少空氣污染與碳排放：台灣目前的人均碳排放量是全球第一！除了許多高污染工業之外，大量的汽機車也難辭其咎，而燃料稅這種打混仗的徵收方式，就是導致汽機車污染高居不下的主因之一。如果燃料稅改為隨油徵收，勢必使得大量使用燃料（因而製造大量污染與碳排放）的汽車，受到成本提升的壓力，而開始設法減少燃料使用，從而減少空汙與碳排。這必帶來更好的空氣品質與低碳環境！

 
影響：

地下油品氾濫。這是交通部這幾十年來，面對燃料稅隨油徵收主張時，所採取一貫的說詞（請參考http://newtalk.tw/news/view/2016-03-23/71423?），但事實上，唯一的佐證，是在民國五十年那次的隨油徵收經驗，距今已整整55年了，時空背景完全不同！時至今日，到底還有多少地下油品的來源？以及，到底還會有多少運輸工具，會冒險使用來源不明的油品？
大眾運輸成本提高：可考慮另案補助
",5962,5000,2016-09-08 15:00:41,579,0,無,gishin
5197,2018-03-20 18:31:59,https://join.gov.tw/idea/detail/f624f883-976b-4c1d-9e67-2b976baf28e7,暫緩將核四燃料棒送出國 ，並請台電為全國人民舉辦公聽會說明為何需要將燃料棒急著送出國,"訴求： 
(1) 暫緩將核四燃料棒送出台灣. 
      核四燃料棒購買花費國家80億,目前如果送出除了招受經濟損失外,更將台灣能源穩定的一個選項破滅。將來要進口燃料必須要看美國臉色,而美國可能為了自己的利益不販售燃料棒給台灣,讓台灣的能源自主力量弱化,將來中國包圍台灣只要30天台灣將無電力可用. 
  
(2) 請台電舉辦公聽會說明為何需要急著把燃料棒送出國 
台電長期為台灣專業付出,是一個公平公正的國營單位並深得國人信賴. 台電應該舉辦公聽會,讓人民了解為何要急著把燃料棒送出國. 
 ","(1) 將台電的燃料棒送出台灣,並不符合經濟效益 
  
http://pis.li/5H6LR  
政府花費80億買的燃料棒,現在又要花6億分三年陸續運回美國賤價用20億賣出. 
未來台灣如果又需要這批燃料棒,可能需要花費超過百億重新購置 
  
(2) 台灣真得缺電,缺到需要蓋汙染高的燃煤發電廠 
http://pis.li/5H7KY 
  
核四兩部機組,如果按下啟動按鈕. 可以提供270萬瓩台灣真的要把這個選像拿掉,把辛苦拿到可以用18個月的選擇拿掉嗎? 
天然氣: 台灣最大儲存14天燃煤: 台灣最大儲存30天核能: 一次添加燃料可用 540天 
  
(3) 總統政見10年內不大幅漲價的政見要落實 
https://www.youtube.com/watch?v=iyMFKYuHTIg",5956,5000,2018-03-20 18:32:08,332,0,無,PowerGreen 
1562,2017-05-01 00:07:03,https://join.gov.tw/idea/detail/5e2716e2-d66d-49b0-aa3b-7e2c72b7d8dc,開放大型重型機車使用機車停等區,"機車停等區為一專供機車停等的區塊讓起步加速較快的機車可以優先起步促進體積較小的機車在車陣當中的流動緩解交通壅塞提高整體車流效率 
  
經與停等區設計者當面確認過後在設計原理上此一區塊供所有機車使用紅黃牌亦可使用停等區且同樣有緩解壅塞的效果 
  
目前制度把此種合理且有利於交通的行為判定為違規，並且須繳納罰款機車不能使用機車停等區完全不合理設計者對此一現況亦感到十分訝異 
  
希望政府必須盡速開放大型重型機車可於機車停等區停等紅燈且於修法完成前停止取締大型重型機車於機車停等區停等紅燈",提高道路面積利用率，減緩塞車，促進交通效率,5931,5000,2017-05-01 00:08:39,227,0,無,林志學
10860,2021-03-09 22:06:47,https://join.gov.tw/idea/detail/3239807e-4a27-4f78-ae27-86e5a7dd8bcc,將心理諮商及心理治療納入健保,現今心理諮商及治療需求日益升高，在無健保的情況下，單次費用千元以上，如此使得心理治療有門檻限制，資源僅能為經濟能力較高者所使用，不符合社會公平原則，且心理疾患不亞於生理疾患，心理與生理交錯影響，身體上的疾病可能影響心理，心理上之問題也可能造成生理上的問題，因此人民健康福祉不能只限縮於生理方面，心理方面更需要重視。,若社會公民能普遍享有同等及足夠心理資源管道，經過諮商或治療，人們能將原本面對心理困擾所消耗的能量，投入於到其他事物上，且整體社會公民之心理韌性將可能提升，對台灣未來發展會是莫大助力。,5882,5000,2021-03-09 23:13:59,365,0,無,Dunnie
13071,2021-11-12 15:16:43,https://join.gov.tw/idea/detail/9cc34c05-5fc3-4912-8d06-ad789c011491,尊重健康狀態不適合打疫苗的族群/反對全面疫苗通行證及疫苗護照,"由於我國現今施打疫苗造成死亡的人數已大幅超過染疫死亡的人數，疫苗並非唯一選項且有安全疑慮，對於健康狀態不適合打疫苗的族群，應當有其他合適的預防如漢方藥物、維生素補充、運動… 等來加強免疫力（依據 我國病人自主權利第4條其中內容，人民對醫療選項有選擇權和決定權），不可用全面疫苗通行證/疫苗護照來限制及剝奪沒打疫苗人民的工作權和生活基本人權。例如：沒有打一劑兩劑的黃卡，私人企業就不錄用或予以解職（雇主如果違反員工意願，以直接或間接方式強迫員工接種疫苗，已涉我國刑法第304條強制罪罪嫌），沒有打疫苗黃卡，就不能進入學校、大賣場、一些公共場所等。政府應該顧及不適合打疫苗的族群的生存權益，不被歧視，不被當做次等公民，不受打壓。 
目前已知有幾款口服防疫藥物即將問世，因此建議政府要顧念健康狀況不能打疫苗的人民 ，不宜施行全面疫苗通行證/疫苗護照。 
 ","1. 基於憲法第4條用藥選擇權和健康自主權的保障，人民對於醫療選項是有選擇權和決定權，我們相信政府是會尊重人民的權利。現在有越來越多數據已顯示人類本身的自然免疫系統對於新冠病毒的防禦力是高於疫苗的防禦力，無接種疫苗者可以是健康且安全的，並不會構成已接種疫苗者的健康威脅，而已接種疫苗者並不代表可以完全免疫。 
2. 讓台灣人民免於有無接種疫苗的分歧及分化，避免不必要的衝突與對立，減少社會亂象，有助於維護台灣社會秩序、穩定發展。 
3. 目前現行的疫苗皆為實驗針劑，無人知道長期副作用為何，若強制實施疫苗通行證/疫苗護照無亦是變相強制性人民接種疫苗，在長期副作用爆發的情況下，恐怕會造成健保費用可觀的支出。 
4. 維持家庭的正常運作。目前疫苗不良反應通報的死亡人數已經遠超過染疫死亡人數，且嚴重副作用更是達4000多筆，這意味有許多家庭遭受到家人的逝去而破碎，或承擔嚴重副作用所產生的沉重醫療費用，這無疑對任何發生不幸的家庭是多麼大的巨變，而這些家庭是否有能力承擔這樣的巨變呢？若無法承擔而造成家庭功能的喪失，對孩子從小的家庭教育至台灣整體社會長期穩定發展會是一大阻力。",5868,5000,2021-11-16 18:55:39,218,0,無,Colbie
9390,2020-10-07 17:35:13,https://join.gov.tw/idea/detail/ac371018-86d0-48b2-a26f-d07e259de49b,『標』萊豬，護食安！1、萊豬進口嚴格把關 2、落實源頭管理新增特定貨號 3、再製品標示加註萊豬添加物,1.『萊』豬進口，嚴格把關：進口豬肉之再製品、混和產品、食品添加物之容器或外包裝，應標示是否含萊克多巴胺豬肉。（修改食安法）2. 落實源頭管理，新增特定貨號：豬肉進口廠商如進口含有萊克多巴胺之豬肉，應列特定貨號，以供辨識。（修改食安法）3.再製品標示，加註萊豬添加物：要求食品標示、食品添加物相關規定應增列標示是否使用含萊克多巴胺豬肉（修改食安法）。,透過政府「公共政策網路參與平台」，只要有#5000人以上連署，政府權責單位就必須要依照規定來回應民眾訴求。因此，針對政府萊豬進口議題，民眾黨的「公民連署書」提出下列主張： 1. 『萊』豬進口，嚴格把關：進口豬肉之再製品、混和產品、食品添加物之容器或外包裝，應標示是否含萊克多巴胺豬肉。（修改食安法）2. 落實源頭管理，新增特定貨號：豬肉進口廠商如進口含有萊克多巴胺之豬肉，應列特定貨號，以供辨識。（修改食安法）3.再製品標示，加註萊豬添加物：要求食品標示、食品添加物相關規定應增列標示是否使用含萊克多巴胺豬肉（修改食安法）。 透過政府「公共政策網路參與平台」，我們希望能夠匯聚民意，讓政府知道民眾對於食安議題確實非常在乎，也希望透過匯聚公民的力量，讓民進黨能找回過去「以民為本」的初心，不要以犧牲國人健康來換取政黨利益。,5866,5000,2020-10-07 17:36:01,391,32,無,台灣民眾黨
9075,2020-08-09 11:19:51,https://join.gov.tw/idea/detail/7469e463-f790-4bd1-bcca-100a7b1f3ad0,機場、國道、火車站設置vegan純素餐飲專賣區，尊重並解決多元文化飲食問題，立法列入觀光發展必要措施,"  
一. 總統蔡英文提出，希望觀光成為整體經濟發展的火車頭。觀光經濟的發展， 
  
與飲食息息相關，所以一定要解決多元文化的飲食問題.  
  
1.台灣破330萬的素食人口，加上此次疫情，讓更多人為了健康、環保及愛 
  
護動物而吃素。然而補充旅客體力的國道休息區，只有泡麵及乾糧等缺乏營 
  
養的食物充飢，讓出遊易餓肚子及低品質的飲食，無法享受出遊的樂趣，造成素 
  
食人口沒有出門旅遊的意願. 109年1-6月的國外來台旅客全部總合也不過就是 
  
126萬人次，設置純素餐飲專賣區，開發潛在330萬素食人口的國民旅遊市場， 
  
是一個值得的投資。  
  
  
2.疲勞駕駛風險不輸酒駕。疲勞駕駛與長時間睡眠不足、營養失調、壓力過 
  
大所累積的疲勞感有關。交通部應嚴肅正視這個問題，盡可能地降低造成疲 
  
勞駕駛的因素，除了在國道休息區已貼心提供休息設施之外，更要增設純素 
  
餐專賣區，讓吃素的司機補充體力及增加開車專注力，更能省下尋找純素餐 
  
飲的時間，爭取更多休息的時間，降低疲勞駕駛造成的公共危險。 
  
  
3.國際旅遊市場來自各國不同飲食文化的旅客，加上歐美環保意識抬頭，熱愛 
  
vegan純素飲食。政府只推清真認証，並無法解決其他各國旅客的飲食問題 
  
(如網頁連結1-12) 
  
  
二. 政府編列預算鼓勵畜牧業者及處理高碳排動物食品污染。這樣的環保經費支 
  
出，不僅浪費更讓環保沒效率，也是變相的鼓勵高碳排產業，相對對低碳的植物 
  
性食品產業反而不見政府的推廣及補助。 
  
  
三. 建議實施辦法： 
  
1、立法規定於機場、國道休息區及火車站，設置vegan純素餐飲專賣用餐區， 
  
並以多種語言註記為友善穆斯林、友善印度教、友善佛教、友善藏族及vegan純 
  
素等友善字樣。 
  
2、立法將vegan純素餐飲專賣用餐區列入永續觀光發展措施，並加強宣導及廣 
  
告，使國內外素食及多元飲食文化的人口知道有此便民措施。 
  
 3、聯合國環境規畫署提到vegan純素能減低大部分的暖化效應。請環保署落實 
  
溫室氣體減量及管理法第24，27條:a. 提供vegan純素與暖化相關內容之宣 
  
 導，b.提供vegan純素餐飲專賣區獎勵辦法，例如提供補助獎勵金、進駐商家 
  
給予免徵營業稅優惠，並給予租金減免優惠等等。 
 ","  
1.對於不同飲食習慣之人民，政府皆能使其享受同等服務，彰顯憲法所保障之平 
  
 等權利。也讓台灣330萬素食人口在盡納稅義務的同時，享有受政府照顧的權 
  
利。 
  
  
2. 降低疲勞駕駛造成的公共危險，保障全台灣人在高速公路上的行車安全。 
  
  
  
3.滿足各國多元文化旅客飲食習慣，讓國外旅客感受台灣的友善及對多元文化的 
  
包容，有助發展國內外旅遊，增加觀光產值。 
  
  
4.優化新南向政策，讓臺灣成為非伊斯蘭合作組織旅遊目的地的第一名。 
  
  
5.讓台灣成為全球第一個從餐桌上做環保的楷模，提高國際環保形象。 
  
  
6.觀光預算的編列已是固定成本，設置vegan 純素餐專賣區解決各國飲食問題 
  
是很大的投資報酬率 
  
  
7.vegan為人們帶來身體健康，讓美麗的地球持續運轉，造就觀光經濟發展，成 
  
為台灣整體經濟發展的火車頭。",5847,5000,2020-08-10 19:59:35,136,0,無,vegan
7526,2019-09-11 08:18:41,https://join.gov.tw/idea/detail/044a4cbd-7e6a-49c0-84d4-a1ee5fe6f364,停止高鐵延長至屏東將經費用於改善台鐵,前幾年各縣市增建機場，屏東之前也跟著建機場，最終因為客流量不足而停飛，為避免重蹈覆轍浪費公帑，與其花5、6百萬元將高鐵變成台鐵，何不將經費用於改善故障頻繁的台鐵。,目前台鐵高雄至屏東平均半小時有一班以上列車，車程約25分鐘左右，市區觀光效應並不會因為縮短10幾分鐘車程而出現，何不將經費用在改善台鐵營運，將台鐵營運品質接近高鐵，全台都能得利．,5842,5000,2019-09-11 08:19:02,504,0,無,Johnny
8756,2020-05-27 14:25:56,https://join.gov.tw/idea/detail/102feff3-9b23-4948-b46f-8584cae90961,應修改【幼兒教育及照顧法】之相關罰則細項，以利加強幼兒托育安全。,"緣由 
•有鑑於幼兒園違規事件層出不窮，但礙於罰則過低，無法有效喝止幼兒園業者違法之現況，然而台灣公幼數與私幼數完全不成正比，絕大多數民眾只能夠選擇私立幼兒園進行托育。 
•綜合以上，為保護幼兒與民眾在私幼的權益及安全，應改善【幼兒教育及照顧法】（以下簡稱幼照法）之罰則與修改細項。 
  
提案相關建議 
 •針對「招收人數超過設立許可核定招收人數」 
「招收人數超過設立許可核定招收人數」，是常見的嚴重性違法，幼生可能在稽查時會被業者帶出幼兒園躲藏甚至是藏在沒有安全考量的密閉空間，對幼兒安全極為危險，且「超收學生」是業者完全可控卻抱持僥倖心態的預謀性違法，據【幼照法】第 49 條，第一次僅罰六千，最高罰鍰只有三萬，導致業者根本不害怕，甚至只需多收一名幼生，不法所得就能打平罰鍰。 
  
建議修法 
1.提高罰緩與增加裁罰方式，初犯罰鍰應提高至三十萬元或不法所得的三倍，限期未改善應加罰三百萬，經處罰三次仍未改善改者得罰五百萬，並直接廢止設立許可。 
2.「超收學生」為嚴重違法，應按照【行政罰法】第18條，所得之利益超過法定罰鍰最高額者，得於所得利益之範圍內酌量加重，不受法定罰鍰最高額之限制。 
3.應將超收學生所賺取之不法所得全數退回民眾。 
4.【幼照法】第37條應將書面申請方式修改為不須申請並強制退回全園幼生當學期所有已繳費用，以維護民眾權益。 
  
•針對「體罰、性騷擾、不當管教」 
兒虐事件造成的影響不需多作闡述，但【幼照法】第46條目前僅針對行為人與負責人處以罰鍰，應提高對業者之處分以利喝止業者強化對幼師之管理，達到加強幼兒受教及安全品質。 
  
建議修法 
1.提高罰鍰下限與增加裁罰方式，「不當體罰、性騷擾」若查證屬實，行為人與負責人應提高罰鍰為最低五十萬元以上一百萬元以下罰鍰。 
2.「不當管教」若查證屬實，行為人與負責人應提高罰鍰為最低十萬元以上五十萬元以下罰鍰。 
  
•針對【幼照法】第七章之罰則 
私立幼兒園違規數每年各縣市加總約有上百件，且以私立業者為大宗，應全面調整裁罰方式，以遏止業者輕視罰則，達到有效保護幼兒與維護民眾權益之效。 
  
 建議修法 
1.所有罰鍰應全面提高調整為三萬至十萬元，並比照酒駕罰則，若改善後任一項違規五年內第二次再犯，應直接處最高罰鍰並加罰三十萬元。 
2.針對【幼照法】49條第八項應比照【行政罰法】第18條的裁罰考量，將【幼照法】49條加入「不法所得之利益超過法定罰鍰最高額者，得於所得利益之範圍內酌量加重，不受法定罰鍰最高額之限制，並將不法所得全數退回民眾」之條文。","幼童為未來國家棟樑，而本國雖有多項幼兒福利同時政策進行，但公幼、非營利園所數依舊嚴重少於一般私幼數量。 
正因為絕大多數幼童都只能選擇私幼托育，若是無法改善違法只能輕罰之問題，那幼童安全將無法得到有效的保護。 
倘若這次提案與修改能夠順利成功，必能帶動幼兒園守法之良善風氣，並能大幅提高幼童安全與就學品質，減少幼童、民眾因園所違法而權益受損之情況。 
唯有嚴苛的法規標準，才能讓國內私立幼兒園品質達到真正的改善，遏止業者因龐大利益而罔顧幼兒安全之常態，並有效提高本國之幼教環境安全。",5823,5000,2020-05-27 14:28:13,397,0,無,惡質幼兒園的秘密
4784,2018-01-28 01:40:10,https://join.gov.tw/idea/detail/dedebaf7-6817-49cc-9cdb-9be2f6c88b05,限制核課時效，保障納稅人權,"  
【建議事項】 
  
「納保法」第21條第4項之規定應回歸「行政程序法」及「稅捐稽徵法」等行政法之體制，修正為「自課稅處分做成後，五年內未能確定應納稅額者，不得再行核課。」並增列第5項「本條修正前尚未確定應納稅額之救濟與訴訟進行中案件，亦追溯適用之」。 
  
【說明】 
  
一、我國獨有的萬年稅單問題，為人民帶來無限痛苦，這也是專家學者均認為最嚴重的稅務問題。立法院在105年12月9日三讀審查通過「納稅者權利保護法」（下稱「納保法」），其中第21條第4項之立法目的是為解決「萬年稅單」問題，並避免因執法不當而對人民之財產權及自由權造成侵害，然而通過之條文並無法解決問題。因為該規定設下了嚴苛的條件。根據此法，若納稅人收到錯誤稅單，不服而提出行政救濟，必須符合下面的標準，才能援用該法條終結冤稅： 
 (1)「納保法」施行(106.12.28)後，受法院撤銷或變更的案子才算，施行前被撤銷或變更的案子皆不能適用。 
 (2)受到法院撤銷或變更裁判後，還要加上15年期間都一直沒辦法確定稅額。 
 (3)納稅人不可以故意延滯訴訟，或發生甚麼其他不可抗力的事由。 
  
二、上述看起來似乎在保障納稅者的權利，但魔鬼藏在細節中，因為： 
(1) 不論案件歷時多久，也不管「納保法」施行之前已經法院撤銷，一切都不算，都要等「納保法」『施行後』，再一次經過行政法院判決撤銷課稅處分後，才可以『開始』起算15年，換句話，人民最快要等到民國121年（106年+15年）才有機會解脫萬年稅單桎梏，而且必須經過15年沒有任何敗訴，且無法確定應納稅額，才不得再核課。 
(2) 有爭議的稅單歷經復查、訴願及進入行政法院審理的時間完全都不計入時效。 
(3) 法律對時效的規定有幾項：「行政程序法」規定公法上的請求權因五年間不行使而消滅；「稅捐稽徵法」依規定申報稅捐核課期間為5年。連殺人放火的案件，「刑事妥速審判法」也規定8年內要完成訴訟。然而，行政救濟的期限，依據相關法律的規定，從復查到行政法院判決，為時大概2年；再加上「納保法」規定15年，稅案爭訟甚至極可能拖到 20年以上！若收到一張錯誤稅單，得花上這麼長的時間解決，根本無法達到保護納稅人權利的效果，對人民財產權是一大傷害，更將造成企業倒閉或出走，外資不敢來台，阻礙國家整體的經濟發展。 
(4)「納保法」規定的15年時效，相較於「刑事妥速審判法」、「行政執行法」、「刑法」、「行政程序法」及稅捐稽徵法等法律所規定的時效是最長的，且時效的起算日及期間都比刑事案件的時效規定更嚴苛。","  
一、時效制度之目的，在督促權利人行使權利，而「稅捐稽徵法」已規定核課期間為五年(最長七年)，也就是法律本來給稅捐機關調查核稅的時間就是五年，稅捐機關掌握各項資源及調查權，於發單前，本來就有充分的時間依職權調查，稅捐機關沒有查明事實就發出稅單，本就已經違法，而違法處分被法院撤銷後，更應該積極在最短時間，就有無課稅要件事實調查清楚，豈有再給15年慢慢調查、重複一再發單的道理？況且這段延宕的時間所產生的利息，必須由納稅人負擔。 
  
二、大部分的「萬年稅單」，多源自稅捐稽徵機關的怠惰且未依職權調查即發單課稅，再加上行政救濟制度失靈，而行政法院無法做出終局判決所造成。「納保法」的立法目的既為落實憲法生存權、工作權、財產權及其他相關基本權利之保障，確保納稅者權利。則對於納保法施行前就已經發生但仍未確定的案件，其不利益，不應歸由納稅人一概承受苦果。 
  
三、「納保法」對於時效的規定，讓人民完全無法受到時效利益的保障。故提案儘速修法，以落實憲法及國際人權兩公約有效救濟的人權保障。",5801,5000,2018-01-28 01:46:17,1375,0,無,黃俊杰
284,2016-09-08 23:10:28,https://join.gov.tw/idea/detail/6a9ab744-7fbd-45ce-a59f-a9c7c034997f,短程目標：推動便利超商保障蔬/素食熟食品供應比例規範　長程：後續推動蔬食產業發,"主訴求「保障蔬/素食人口食的權益滿足」、後續推動蔬/素食產業文化發展：
 
 
1.制定便利商店熟食規範或勸導/獎勵性政策，於提供之熟食產品中須有建議比例之無肉性食品(例：方便素需占10%、全素5%、蛋奶素5%)
 
2.輔導畜牧、漁業產業轉型，發展更多食材多元方向，(避免肉食族群減少後帶來的產業消費衝擊、降低抗爭及爭議性)
 
3.設立蔬食餐飲業補助辦法，以鼓勵成立無肉性便當或外食產品的購買場所 (註：因蔬食餐飲業之販售對象並不若一般葷素餐飲對象普及，因此對營業成本是相當壓力，但現仍可見相當多地區方圓數里內無蔬食產品可選擇，使蔬食者食的權益毫無保障性，此目的為希望保障各地區、區里間都能滿足蔬食外食者「食」的基本需求)
 
4. 蔬食之合理性宣導，強化國人「(食)不浪費、(彼此飲食習慣)不歧視、不對立」互相尊重的葷、蔬食人口 正向飲食觀念","保障蔬食族群「食」的權益，也開發刺激新的「蔬食產業商機」
輔導產業結構調整，減少國內禽畜畜牧、漁業超量之情形，逐步減少不健康或高密集度的「不人道」畜牧過程
建請階段式規劃、發展蔬食文化之相關系列政策，完整配套，讓台灣成為一個能接受多元飲食觀念、且皆能滿足不同葷素飲食習慣者需求的優秀進步國家
 
1. 純素主義者（Vegan）： 摒棄動物肉（肉、家禽、魚和海鮮），動物製品（蛋和奶製品）通常也不吃蜂蜜和不穿動物製品（真皮、絲綢、羊毛、羊毛脂、明膠...)。",5800,5000,2016-09-08 23:10:56,679,0,無,IR
1811,2017-06-12 09:10:25,https://join.gov.tw/idea/detail/26976d28-1908-4bb7-b9e8-8df662af4f04, 全面檢視「前瞻計畫」,"前瞻基礎建設計畫（以下簡稱前瞻計畫）費時8年動用中央政府特別預算8,800億元，是國家重大建設，影響國家經濟發展、人民生活深遠。 
　 然而，前瞻計畫推出之後，成為多方質疑焦點。我們也觀察到以下問題： 
  
 
 政府的決策權責不清 
 準備時間倉促 
 前瞻視野不足，偏重工程 
 預防公共工程的弊病不夠深切 
 預算編列草率 
 公民參與不足 
 
因此，從消極面，為免浪費國家有限的資源、避免給下一代造成沉重的債務負擔；從積極面，提升台灣經濟下一步的競爭力，因此我們希望借助這次重大的建設計畫，來改善國家治理的困境，突破中央各部會之間以及中央與地方之間的本位主義。　 
基於以上，我們提出以下主張： 
  
一，就前瞻條例的部份　　 
請立法院仔細檢查並修改以下內容： 
 
 範圍：不應只是工程建設 
 建立平台，讓所有資訊透明 
 審議的程序，要求每個項目都做完整的效益評估 
 公眾參與，讓利害關係人有表達意見的機會 
 配合國土計畫並著重生態優先 
 加入退場機制，讓通不過的項目淘汰 
 加入究責條款 
 
二，就前瞻計畫的部份 
  
請行政院編列前瞻計畫各項目的相關部會，就其所提各個計畫及預算的編列，詳細說明以下內容，並送立法院審議： 
 
 該計畫項目立案之原由及背景。該計畫項目如果由先前某計畫變更而來，說明其原由。 
 該計畫項目所需預算？錢從哪裡來？中央與地方分配之比例？ 
 該計畫項目的目的及效益？ 
 該計畫有否進行社會影響評估？ 
 該計畫有沒有可以配合或替代的非工程手段？ 
 該計畫有沒有過往類似的成功或失敗案例以供借鏡？ 
 該計畫預期創造的就業機會 
 
 ","我們希望政府能以這次前瞻計畫所引發的大量公共討論為契機，吸納社會的建議，擘畫施政的新局，也為國家開創新的未來。 
  
連署發起人：（姓名筆劃序） 
邱繼弘 （聖洋科技執行長） 
林大涵 （貝殼放大創辦人） 
林思吾 （Awoo 創辦人） 
林祖儀 （沃草執行長） 
林濁水 （前立法委員） 
姚瑞中 （台師大美術系副教授，海市蜃樓- 
　　　　 台灣閒置公共設施踏查計畫發起人 ） 
徐世榮 （政大地政學系教授） 
郝明義 （大塊文化董事長） 
楊志彬 （社區大學全國促進會秘書長） 
魏　揚 （太陽花運動參與者） 
 ",5796,5000,2017-06-12 09:12:48,333,0,無,全面檢視前瞻計畫連署人
8410,2020-04-06 22:43:20,https://join.gov.tw/idea/detail/3aacedd0-0843-4130-823a-953210247426,希望教育部即刻實施大學.高中.國小遠端教學,一開始政府宣傳說健康的人不用帶口罩，但隨疫情的變化，變成到公部門機構要帶口罩，然後變成4/1號開始搭乘交通工具都一定要帶口罩，隨後疫情指揮中心宣佈要保持社交距離室外1公尺.室內1.5公尺，而且還有本土案例找不到感染源，這些都證明台灣的疫情越來越嚴重，希望教育部能盡快宣佈遠端教學，教室本身就小而且外縣市通勤要搭乘一堆交通工具，到時萬一有大學生確診到時光是疫調就是大工程！其實以台灣的科技要遠端教學技術上沒問題，是要不要宣佈的問題！,授教權跟健康權，我認為健康權優先授教全,5765,5000,2020-04-06 22:43:33,354,0,無,法司徒
8817,2020-06-12 11:57:27,https://join.gov.tw/idea/detail/1fdec9f6-ebbe-4e28-9e3a-ba458f0d0b46,取消由健保署訂定自付差額醫材上限,"健保署6月8日公告，依健保法第45條訂定特約院所收取差額上限，然而院所收取差額為民眾自付之醫療費用，與健保給付無關，不應交由健保署訂定。 
  
依據醫療法第21條，醫療機構收取醫療費用之標準，由直轄市、縣 (市) 主管機關核定之。醫療費用之收取已有直轄市、縣 (市) 主管機關，也就是各縣市衛生局訂定之醫療機構收費標準做為管制，民眾不會因為沒有健保署制訂的差額上限就花冤枉錢，且由各縣市個別訂定更能依照不同縣市生活水平、經營成本做出更適合的訂價標準。 
  
因此建請健保署取消訂定自付差額醫材上限，或更進一步請立法院修法刪除健保法第45條由健保署訂定特約院所收取差額上限之條文。","即便健保署公告定價是有依照功能類別區分價位，但其分類標準無法完全適用醫療現況，附圖以健保署發佈於臉書平台之圖片為例，圖中列出15個品項的人工水晶體只有3個品項符合核定費用以內，顯見其核定價格的基準與市場之脫節，健保署如此把關方式如何能讓民眾信任篩選出的是真的功效良好的醫材還是只能低價競爭的次級品？ 
  
圖中若改以汽車舉例，相信民眾都能輕易理解制訂上限後的後果。 
  
此政策實施後可預見較高價格品質功能較佳之醫材退出台灣市場之未來，而低於核定價格之品項還可藉此合理漲價至核定價，損及民眾就醫權益。故建請健保署取消訂定保險醫事服務機構得收取差額之上限，保留民眾自費選擇醫療品質的權力。",5749,5000,2020-06-12 23:07:25,227,0,無,健保不要管自費
193,2016-08-10 20:45:01,https://join.gov.tw/idea/detail/9cf2c5aa-2134-4b7e-b312-8bee4bf53fb9,反對國家公園登山活動安全管理條例草案、臺中市、南投縣登山活動管理自治條例的不合理登山管制與罰則,"最近因為登山意外事故搜救問題，讓政府開始注意登山活動的管理，但是在制定管理辦法時，卻忽視本土登山文化脈絡與登山者在野外的真實處境，全然以「浪費國家搜救資源」的思維看待登山意外。雖然有些登山意外是人為不當處置導致，但是登山意外事件通常還是有多重因素如：天候、落石、溪水暴漲、動物攻擊等無法控制的自然因素引發，所以許多的登山者是在了解野外風險的情況下，努力將自已的體能、裝備、技術與知識準備好才步入山林的，也清楚認知自己可能會在無法有外部救援的情況下從事登山，因此對自身及隊員的安全是完全負責的態度。
但是目前我們從時代力量黨團提案之『國家公園登山活動安全管理條例草案』與經台中市議會三讀且已送行政院報核之『臺中市登山活動管理自治條例』與南投縣審查的『南投縣登山活動管理自治條例草案』中看到，現在所提出的登山管理政策，根本無法達到降低山難發生的目標，而只在強調由上而下的管制及對人民施以處罰，政令不只是限制野外知能豐富的登山者，更縮限登山活動未來發展的空間，甚至阻礙本土自然文化的深耕。
 
以「浪費國家搜救資源」看待登山意外，未正視山域救護系統的重要性
登山活動不僅在山地管制時期提供人民接觸自然土地的機會，更保留台灣自然探索精神。當世界趨勢正朝向去尋求人與自然可以和諧共存而鼓勵戶外生活的今日，台灣政策卻欲倒退而行，縮限登山自由，繼續封山管制。
台灣山域面積廣幅，長期以來政府卻沒有針對台灣環境特性建構山域救護系統的發展。城市發生意外可以請救護車、消防隊協助，但是當民眾在山區發生意外了，現在卻被冠上「浪費國家搜救資源」，以此角度看待登山活動，政府就不用正視缺弱的山域救護系統嗎？甚至繼續以限制和處罰的模式，透過縮限登山活動來消極面對。
 
封閉步道、禁入荒野，限制人民自由
登山活動中除了徒步健行是利用固定步道為多以外，登山的山野探勘、溯溪等多半是在無固定路徑的荒野和溪谷活動，也就是非步道的野地。有時熟悉山區地形的經驗登山者是基於提升登山步道的安全性，才戮力開闢新路線。「禁止自行闢路」的規定等同於禁止人民走進荒野。山域活動政策制定應該需要由原住民、登山者與自然保育團體及主管機關協議入山管理規定。如果為了登山活動安全管理，政策應該建立的是登山行程計畫登記報備系統，而不應該是封閉步道和禁止自闢路徑，並在不明究理的情況下處罰登山者。
 
個人無法投保登山保險，違反個人登山自由，也罔顧人民基本權
基於憲法第十五條人民生存權的保障及消防法第十六條課予各級消防機關統籌指揮、調度、管制及聯繫救災、救護相關事宜之義務，國家依據憲法及相關法律事實本對人民有救護義務。基於此，即便本條例草案要求保險且原則上以保險金來支付，但如果保險機制不夠完整，「違反基本權保障」之疑慮就會存在。
現行登山保險只有團體保險，個人無法投保，若規定登山要辦理登山強制保險，但是只有多人的登山隊伍可以投保，這不止違反個人登山自由，也罔顧人民基本權。
 
規定與罰則內容，不會減少山難肇因
領隊具備救護證書是否就一定能減少山難？可有相關研究評估過？若無如何判定這將是對登山安全有效的管制方式？強要領隊具備此等證明並設定罰則意義為何？
 
關於雪季期間應攜帶的雪攀裝備，除了條文中有部分裝備可能不敷安全之虞外，由於活動的地點區域或類型模式等不盡相同，條文中的裝備是否為必需而一定要攜帶，實也有相當大的爭議。","
目前登山活動管理條例與草案皆忽視登山文化與登山者的真實處境，必需重新研擬，並依正義原則去顧慮人民的安全與自由權的保障，並非只在對人民進行管制及處罰。制定如此攸關登山活動發展之法規，更需要透過公開的過程邀請或徵集如：教育部體育署等相關主管機關參與；並且徵求或聽取各登山團體，乃至於從事登山活動的廣大民眾的意見，不應該匆促上路。
在登山安全管理上，政府應該先推動專責山域搜救系統發展。登山保險若要強制投保，不應限制投保人數門檻，將一人登山者納入投保對象。

 ",5727,5000,2016-08-10 20:55:33,463,0,無,Yihua Lin
7205,2019-06-13 14:31:20,https://join.gov.tw/idea/detail/6a1faacf-e793-4dd4-93c4-a07a26d94e90,獸醫得合法使用人藥醫治動物，動物之醫療應由獸醫專業把關," 
 動物使用人藥在世界先進國家皆屬正常，此為動物福祉，是世界為保護動物用藥權及人類健康的（One World One Health）共享世界共享健康的潮流，且已在台灣行之有年，不得受到剝奪或損害。 
 應修改藥事法33、50條，將獸醫診療機構加入可出貨對象，動物醫療權不得因利益之爭受到影響，不得禁止合法藥物買賣輸送至獸醫院。 
 獸醫對於動物專業應受重視，獸醫有合法權力使用人藥醫治動物。 
 動物醫療屬獸醫專業，動物醫療計畫及用藥應由獸醫主導，反對動物醫藥調劑權釋出給對於動物病理全無專業之藥師。 
"," 
 分析世界先進國家獸醫師使用藥物狀況，70%皆是人用藥，單純動物用藥僅占30%，此乃動物醫院常態的藥物使用比率；而目前許多動物之必要藥品（如化療用藥）缺乏專為動物開發之用藥，人藥用於動物醫療，不但是先進國家允許的，也是目前臺灣行之有年且合法的；這屬動物福祉，不得受到剝奪或損害。假若禁止人藥買賣輸送給獸醫院，會使得臺灣的經濟動物（如牛羊豬狗魚雞）、寵物（如貓狗蜥蜴貂鳥…）都陷入醫療荒漠之中，無藥可醫。 
 因應GPD上路，不該因此犧牲動物醫療權益，不得因此反向禁止藥商向獸醫院輸送及販賣人藥，而是完善法條，修改藥事法33條、50條，將獸醫診療機構加入可出貨對象。 
 動物更會因為物種、體型、年齡、體格等需要不同醫療計畫，醫療計畫與用藥難以分割，更會隨著病情變化、甚至藥物過敏等情況需要隨時調整用藥，若急症時還需要另至藥局取藥，將會失去治療的黃金時刻。且藥師毫無動物生理病理專業，如何開藥？如何指教飼主用藥、餵藥？有些人藥雖可互相取代，但每樣物種有不同的身病理，藥師全無此方面知識，若因藥局因缺藥、而藥師另外拿取對該動物有毒性的藥物取代，輕者致病重者喪命，動物生命只能枉死，誰來負責？ 
 動物診療為獸醫專業，臺灣在日治時期即開始發展獸醫專業，更於民國32年成立獸醫科系，當時獨步亞洲，台灣獸醫師的醫療專業不應受漠視，動物醫療計畫應由獸醫師把關。 
 目前動物病歷通常需在同一家獸醫院長期建立，才能有較精準的治療方針，不像人類有雲端病歷；且動物不會說話，需要長期與同一位獸醫培養診療默契，醫藥分家只會使動物治療加倍困難，大大提高誤診機率。 
 以現行體制來說，禁止獸醫合法使用人藥醫治動物，此對於動物、飼主、獸醫師並無益處，僅對藥師有益，若貿然單方面聽從藥師公會，是否有圖利特定團體之嫌？若要增進動物醫療健康之福祉，應由健全動物相關法條著手，不得禁止獸醫使用人藥醫治動物。 
",5708,5000,2019-06-13 14:53:55,735,0,無,Elsie
11317,2021-05-02 19:40:40,https://join.gov.tw/idea/detail/ace6ab77-76c7-4239-a974-763a4a8f51a0,針對單眼失明者，應放寬身心障礙手冊發放資格以及檢討鑑定標準。,"提議內容或建議事項  
我國目前針對單眼失明的障礙者，於法規的限制有諸多不合理之處。 
其中最大的困境在於，單眼失明而另一眼視覺正常者無法申請身心障礙手冊 
衛福部目前針對單眼視覺障礙者的判斷標準如下： 
輕度1.兩眼視力優眼在0.1至0.2者 
2.兩眼視野各為20度以內者。 
3.優眼自動視野計中心二十四度程式檢查，平均缺損大於25DB（不含）者。 
4.單眼全盲（無光覺）而另眼視力在0.2（含）至0.4（不含）者。，或兩眼視野各為20度以內者。　 
社會局表示，申請身心障礙手冊是以醫師的診斷為依據， 
以功能較優的器官做為鑑定標準，比較符合社會福利資源公平分配原則， 
若當事人的器官或肢體受損之後，還能用的部位功能都還算可以， 
卻將其視為身心障礙者，反而是一種「歧視」。 
  
而內政部針對相關爭議曾給出以下回復： 
「將單眼失明，另一眼矯正視力在0．2（含）至0．4（不含）者放寬納入身心障礙範圍，至是否繼續放寬，考量我國現行輕度視障之等級，已較其他先進國家寬鬆，且單眼全盲，另一眼正常，其有效視率功能為80％，基於有限福利資源的運用及公平原則，仍決議不予納入。」故依據現行身心障礙等級規定，單眼0.04以下，另一眼如在0.4以上者，非屬於身心障礙之範圍，本部僅能依據法令規定辦理。」 
失去單眼視力，視覺之有效率功能如何維持在80%，這種結論違背正常經驗法則。 
  
  
況且單眼失明所造成之生活上之障礙絕非輕度可以形容 
單眼者視覺上對於方位認知感、距離感、立體感、產生偏差； 
視野範圍雖然也許合乎標準，但仍較兩眼者狹礙，常有視覺死角產生。 
走路常會撞到、跌倒；不便駕駛車輛；取物、落點差距與手無法穩合；心理上失去自信，因而與社會疏離； 
常因僱主無意願聘僱，失去工作與維持基本生活的機會。 
諸如此類均無法以儀器來鑑定，但總造成單眼者日常生活上許多的不便與困擾。 
  
  
建議辦法: 
(一).應依法增補並放寬視力障礙項下之不足: 
應承認單眼失明就是視力障礙。發與身心障礙手冊其輕、中、重度則依優眼視力來做分別 
(二).應尊重醫師所做之醫療判斷，如醫師認可單眼失明之狀況是明確之身理障礙，確有使生活產生支障之狀況，則政府機關應尊重專業發與身心障礙手冊。 
單眼失明就是視力障礙，社會制度應正視這樣的事實，不再對單眼視障者給予制度性歧視，並且有義務給予其理所當然之協助。 
  
 ","1.促使有關單位正視制度性的歧視，將社會正義落實於單眼失明者。 
2.達成憲法上所保障人人平等之概念，給予單眼視掌聲實質上的平等。 
3.使單眼失明者於生活各處具有被公平對待的機會，尤其在就業與就學方面，不要讓他們在制度上與生活上的身分產生矛盾，進而失去立足於社會的機會。 
 ",5702,5000,2021-05-02 19:40:50,144,0,無,黃均崴
13356,2021-12-19 18:42:40,https://join.gov.tw/idea/detail/39a7b4ab-12af-4093-8dc0-f1a7bc73fdbc,「搶救抱卵母蟹、保護漁業資源，要求農委會修改現行管制辦法，全年禁止捕撈抱卵母蟹」,"2021年十二月中旬，我在澎湖馬公漁市看到一整籃幾乎是抱卵母蟹，全身被綑綁，仰躺等著買家（如附圖）。這些母蟹，可以剷下無數的子蟹，卻如此被提早獵殺曝屍市場。臺灣近海螃蟹已明顯枯竭，我們竟還容許少數漁民用如此粗殘方式濫捕，真是令人又急又怒。 
  
臺灣還有多少市場每天上演這樣的掠殺？澎湖縣農漁局表示無法可管，中央政府難道也無法可管？我查了相關法律。關於抱卵母蟹的管制，中央主管機關是農委會。 
 農委會有一個辦法叫＜沿近海漁船捕撈蟳蟹類漁獲管制措施＞，其中第二條寫著：「每年8月16日至11月15日，禁止漁船捕撈將受精卵抱於體外腹側之母蟹（俗稱開花母蟹）」。這樣的規定，顯然過於保守，無法保護這三個月之外的大量懷孕母蟹。 
 我找到了農委會漁業署主管科科長，請教他如何修改這個管制措施，讓目前只管制八月中到十一月中不得捕捉抱卵母蟹的規定，延為一整年都不得捕捉。 
該科長表示，目前預計2022年一月漁業署將會召集漁會組織、公民團體、漁業專家三方一起的諮詢會議，若有共識，即進行修改，並在公告新規定兩個月後正式實施。 
 也就是說，若能順利完成，最快明年四月起，抱卵母蟹就永遠不能抓了。","獵殺母蟹，是所有文明國家所禁止。它不但是虐殺孕母的暴行，也是毀滅生態的愚蹟。保護母蟹，讓海蟹生生不息，既有利於生態，也有利於絕大多數漁民永續生活。臺灣近年濫捕嚴重，沿海處處魚蟹枯竭，我們需要趕快保護剩下的少數母蟹。她們是海洋未來生態的希望。 
 目前看來，諮詢會議肯定是會開的，但放懷孕母蟹一條生路的請求能不能過關，就得看有多大的社會期待與壓力。所以，漁業署召開諮詢會之前，我想，我們需要凝聚公民的反霸凌懷孕母蟹的聲音，讓規定的修改一次通過。",5693,5000,2021-12-19 19:09:29,48,0,無,鄭同僚
2239,2017-08-21 15:29:51,https://join.gov.tw/idea/detail/cbe8b97b-196f-4c36-81d8-d3b7aa698091,為消弭社會疑慮，政府於推動攸關「人民性傾向、性別認同等政策，須主動公開「專家學者報告」及辦理公聽會。,1. 政府近年來諸多政策引發社會爭議及人民不滿，其中以篡改民間文化婚姻意涵及以「多元性別」概念來替代男女性別分類基礎為主要，另罔顧科學事實限制同志及後同志族群選擇結合宗教或文化的醫療自由，引爆台灣族群對立情況嚴峻，為消弭社會疑慮及降低人民對政府的不信任感，提請政府(含行政院、衛福部及教育部等單位)於推動攸關「人民個人特徵(性傾向、性別認同或性別特質等)」之法令(包括：禁止迥轉治療的政策或法案)、措施、施政計畫、行政指導等業務，須依〈政府資訊公開法〉第6條主動公開「委託研究之專家學者報告」之全部內容及受委託學者專家過去5年接受政府及非政府委託(或補助)研究計劃之總金額及廠商名單，並於「專家學者報告」公布後須辦理地方及中央層級公聽會，並於人民請求時，須依照行政程序法辦理聽證會，由人民推舉之學者專家與政府所委託之學者專家進行科學鑑定，除可召公信外更可以讓人民清楚理解政府所規劃之公共政策方向乃係基於真實科學結論及符合社會大眾的公共利益。2. 就行政院欲修訂「性別平等教育法」乙案，敦請行政院教育部依照〈政府資訊公開法〉第六條，立即公布《青少年性教育及情感教育（The Education of Affection and Sexuality）倡議案實務訪查計畫成果報告書》並召開公聽會聆聽人民、家長及學生之意見。3. 就行政院衛生福利部欲透過行政命令方式明文「禁止性傾向扭轉治療」乙事，亦請衛福部依照〈政府資訊公開法〉第六條，立即公布由台灣精神科醫學會及台灣兒童青少年科醫學會之專家學者報告，並召開公聽會聆聽人民、後同志(Post-LGBTs)、家長、宗教團體(民俗收驚是否會被歸類為「密醫」行為？)、海內外學者專家等之意見。,1. 本案為實踐與保障：人民知的權利、思想自由、同志及後同志族群對於醫療選擇自由權利，並督促資訊透明及擴大對話來消弭人民疑慮。2. 按我國憲法第十一條規定：「人民有言論、講學、著作及出版之自由」，並「國家對於言論自由應給予最大限度之維護與保障，乃基於言論自由有實現自我、溝通意見、追求真理、滿足人民知的權利，形成公意，促進各種合理的政治及社會活動之功能，乃維持民主多元社會正常發展不可或缺之機制」乃司法院釋字第509號之精神。 「保障人民知的權利，增進人民對公共事務之瞭解、信賴及監督，並促進民主參與」更為〈政府資訊公開法〉第一條明文；故對於攸關公共利益之資訊，政府須依〈政府資訊公開法〉第六條，主動公開。3. 按「非常時期，國家固得為因應非常事態之需要，而對人民權利作較嚴格之限制，惟限制內容仍不得侵犯最低限度之人權保障。思想自由保障人民內在精神活動，是人類文明之根源與言論自由之基礎，亦為憲法所欲保障最基本之人性尊嚴，對自由民主憲政秩序之存續，具特殊重要意義，不容國家機關以包括緊急事態之因應在內之任何理由侵犯之，亦不容國家機關以任何方式予以侵害。縱國家處於非常時期，出於法律規定…皆所不許，是為不容侵犯之最低限度人權保障」乃司法院釋字第567號之基礎。政府以行政命令方式「禁止性傾向扭轉治療」，明顯屬於使用國家機器限制人民選擇醫療之自由。政府打壓人民基於宗教文化「人性可勝天」的信念，並且限制人民透過現代醫學與文化及宗教結合的方式來「扭轉」面對同性性吸引與其內心壓力。(指醫學上的藥物治療配合符合其文化與宗教之諮商、輔導及陪伴)。此舉等同於限制人民只能夠看西醫但卻禁止中西醫並行一樣。無論性傾向或是一般疾病，陪伴和鼓勵於治療中都是不可欠缺的，而政府的行政命令只是讓同志身邊的親屬/家人/志工更艱困的去陪伴同志度過生命中的挑戰。 4. 政府於推行「性別多元化」政策時，諸多名詞引發社會爭議。按聯合國婦女賦權(UN Women)及衛生組織(WHO)、清楚將「性別(SEX)」定義為「男女之生理性別」。而「Gender Equality(性別差異平等)更是清楚指向消弭男女間基於社會文化、歷史等因素而產生的差異且「貶低」女性之對待。另聯合國「性別主流化(Gender Mainstreaming)」行動綱領也明確使用男女作為分類基礎。政府未使用國際清楚定義之名詞，導致人民對政府不信任，更讓人民質疑是否在推動「消滅男女性別分類」之政策？5. 為消弭人民對政府的疑慮，政府須依法公開所有相關資訊並舉辦多場公聽會，以昭公信。,5685,5000,2017-08-21 15:35:57,141,0,無,Cheng Cynthia
4319,2017-12-19 10:31:16,https://join.gov.tw/idea/detail/89623b1b-6357-4e75-88db-ef9c0dd4090d,廢除稅務人員稅務獎勵金,"廢除稅務人員稅務獎勵金■ 提議內容或建議事項1、 查稅獎金自2004年立法院修法廢除後，財稅機關卻利用內部「財政部核發稅務獎勵金作業要點」借屍還魂，巧立名目(團體部分共16項、個人部分25項)，至今仍編列預算自肥濫發。2016年五個國稅局總共編列1.03億元稅務獎金預算。經統計，簡任十到十三職等的高官，平均更可分得9.8萬元，職等越高領越多。2017年5月立委陳瑩爆料，國稅局現行編列上億元的稅務獎金，沒有法源，甚至不用查稅，連辦理路跑、桌球錦標賽、修電腦、辦公室修繕等與查稅無關的作為都可以領獎，甚至領獎人數比國稅局編制員額還多。2、 在經濟低迷、薪資倒退17年，財政部竟然自2014年至2017年9月共超徵稅收超過5,500億元。超徵稅收，卻不告知國人用途、也沒有返還民眾，還拿來做為政績，相對新加坡、香港將超徵稅收退還民眾，足見國稅局將超徵款納入國庫，顯不合理。3、 獎勵金作業要點中列明核定補徵或追繳鉅額稅款並徵起，即可核發個人稅務獎勵金。此無異鼓勵稅務人員不管有無理由、有無證據，能課就課能追就追。查稅課稅本是其工作職責，然在獎金的誘惑下，難保稅務人員不會為了獎金而濫開稅單，而即使發出錯誤稅單，也不會受到懲處，行政救濟又完全失靈無效(行政法院人民勝訴率不到6%)，間接或直接造成台灣稅務冤案的問題泛濫！4、 稅制不公是臺灣人才流失主要原因，嚇跑外資和人才。依《聯合國2015年世界投資報告》，台灣吸引外資在全球211個國家或地區中，排名倒數第五。台灣的FDI（外商直接投資）是越南的1/3、菲律賓的1/2，只勉強贏過北韓和巴基斯坦。資金不來，人才只得出走。外商統計台灣人才已流失240萬人，幾乎佔總人口數10%。牛津經濟研究院估計到2021年時，台灣專業人才將占外移人口的61.1%！5、 查稅本來就是稅務人員職責，豈能因課稅績效好，額外分到獎勵金，為免濫課稅圖謀獎金之歪風，主張廢除所有稅務人員的稅務獎勵金。 ", ■ 利益與影響：1、 稅務獎勵金是變相鼓勵稅務人員濫發稅單的恐怖原因，在稅捐機關不受到監督、行政救濟制度失靈的情況下，協商稅額的歪風盛行，企業或個人被濫開稅單，公司因此倒閉、企業出走、外資退場、受災戶遭限制出境時有所聞。刪除獎金制度才能杜絕稅務員假公權力圖謀獎金的弊端，保障人民基本的生存權、工作權及財產權。。2、 徹底廢除稅務獎勵金制度及內規，才能避免濫課稅圖謀獎金，減少目前經濟低迷情況下，竟年年超徵的不合理情況。3、 對民眾而言，可以有效預防因為獎金所引起的烏龍稅單。對稅務人員而言，可避免背負大眾質疑，是否因績效獎金因素而濫開稅單，建立受大眾信賴的體制。,5678,5000,2017-12-19 10:31:45,333,0,無,吳景欽
2631,2017-10-22 20:31:33,https://join.gov.tw/idea/detail/2fb7cd8b-57ac-4a84-a14e-c7d7e36ae8fb,高中及國中小上課時間改為9點到15點,台灣為世界上上課時間最長的國家 一共為10小時 而學生卻因為上課時間過長，家長安排補習時間過長，造成學生一天只能睡5-7小時，導致學生去學校時無法專心學習，且未達到一天睡9-10小時之標準，影響小孩發育，希望能夠藉由縮短上課時數減輕學生的負擔,優點：學生學習力提升，學生負擔減輕,5669,5000,2017-10-22 20:32:15,491,167,無,Kevin 
